=== baseline:healthz → 200 pass
  log {"evt":"api_request","requestId":"80516412-0090-4762-8cb6-676654b04476","method":"GET","route":"/functions/v1/api/healthz","status":200,"durationMs":3}
=== baseline:support → 200 pass
  log {"evt":"api_request","requestId":"3920b991-55e0-4c59-80e4-202c75065643","method":"GET","route":"/functions/v1/api/support","status":200,"durationMs":0}
=== baseline:privacy → 200 pass
  log {"evt":"api_request","requestId":"f2c3907a-6a49-494c-90b9-66ac6c9ecb00","method":"GET","route":"/functions/v1/api/privacy","status":200,"durationMs":0}
=== baseline:terms → 200 pass
  log {"evt":"api_request","requestId":"8115b5c3-3355-473a-bad7-b787988d264f","method":"GET","route":"/functions/v1/api/terms","status":200,"durationMs":0}
=== baseline:webhook_revenuecat → 200 pass
  log {"evt":"api_request","requestId":"80ba9b4c-6959-416e-94de-48f5d052b0a9","method":"POST","route":"/functions/v1/api/webhooks/revenuecat","status":200,"durationMs":7}
=== baseline:account_bootstrap_google → 200 pass
  log {"evt":"api_request","requestId":"6d2860d9-3eb3-4cff-9194-fe4305b0d3da","method":"POST","route":"/functions/v1/api/v1/account/bootstrap","status":200,"durationMs":2}
=== baseline:account_bootstrap_apple → 200 pass
  log {"evt":"api_request","requestId":"99e9d270-5d39-45e8-bdc9-2b75a2504f8d","method":"POST","route":"/functions/v1/api/v1/account/bootstrap","status":200,"durationMs":3}
=== baseline:auth_refresh → 200 pass
  log {"evt":"api_request","requestId":"0929f08e-8a6d-48ed-b706-67e4b174e4d1","method":"POST","route":"/functions/v1/api/v1/auth/refresh","status":200,"durationMs":1}
=== baseline:auth_logout → 204 pass
  log {"evt":"api_request","requestId":"e79edf93-86d6-4c83-b3fa-51c7119ab66e","method":"POST","route":"/functions/v1/api/v1/auth/logout","status":204,"durationMs":2}
=== baseline:me → 200 pass
  log {"evt":"api_request","requestId":"3f9901a5-55c0-4a40-b308-60f8fbabcce8","method":"GET","route":"/functions/v1/api/v1/me","status":200,"durationMs":1}
=== baseline:me_onboarding → 200 pass
  log {"evt":"api_request","requestId":"34717763-2e8e-4c8d-807b-f67f2d0bb01d","method":"PUT","route":"/functions/v1/api/v1/me/onboarding","status":200,"durationMs":2}
=== baseline:me_access → 200 pass
  log {"evt":"api_request","requestId":"cedf630d-b2a3-417e-98e5-4084069c4d86","method":"GET","route":"/functions/v1/api/v1/me/access","status":200,"durationMs":1}
=== baseline:billing_sync → 200 pass
  log {"evt":"api_request","requestId":"4c2432f8-6ee8-4d2b-a4e0-fa208a506607","method":"POST","route":"/functions/v1/api/v1/billing/sync","status":200,"durationMs":1}
=== baseline:analysis_permits_reserve → 200 pass
  log {"evt":"api_request","requestId":"47d6c7e4-ce03-4a01-bedd-62ff1aa61f81","method":"POST","route":"/functions/v1/api/v1/analysis-permits","status":200,"durationMs":1}
=== baseline:analysis_permits_finalize → 200 pass
  log {"evt":"api_request","requestId":"3f9d1427-440c-4ae8-a5ad-b301abfab893","method":"POST","route":"/functions/v1/api/v1/analysis-permits/:id/finalize","status":200,"durationMs":1}
=== baseline:shots_sync → 200 pass
  log {"evt":"api_request","requestId":"84f24186-5d1e-45c2-a649-1cb67adf94e1","method":"POST","route":"/functions/v1/api/v1/shots:sync","status":200,"durationMs":2}
=== baseline:sessions_create → 200 pass
  log {"evt":"api_request","requestId":"77f2c05b-fbae-4f30-a77d-429cd4ddc65f","method":"POST","route":"/functions/v1/api/v1/sessions","status":200,"durationMs":1}
=== baseline:sessions_finalize → 200 pass
  log {"evt":"api_request","requestId":"8eb039a6-108a-4c36-8f6c-ead52a85ca8c","method":"POST","route":"/functions/v1/api/v1/sessions/:id/finalize","status":200,"durationMs":1}
=== baseline:analyses_feedback → 201 pass
  log {"evt":"api_request","requestId":"4b941aa3-b4a5-456e-9db6-ba53ff7c4544","method":"POST","route":"/functions/v1/api/v1/analyses/:id/feedback","status":201,"durationMs":2}
=== baseline:evaluation_trials → 200 pass
  log {"evt":"api_request","requestId":"83ac677a-dc08-4579-862e-ee07f96c8475","method":"POST","route":"/functions/v1/api/v1/me/evaluation/trials","status":200,"durationMs":2}
=== baseline:progress → 200 pass
  log {"evt":"api_request","requestId":"aa3a2451-79fb-4413-93b6-14f2fe646a93","method":"GET","route":"/functions/v1/api/v1/progress","status":200,"durationMs":2}
=== baseline:rank → 200 pass
  log {"evt":"api_request","requestId":"ee50d86b-b51a-4906-af26-6ed7b0b0352c","method":"GET","route":"/functions/v1/api/v1/rank","status":200,"durationMs":1}
=== baseline:consent_status → 200 pass
  log {"evt":"api_request","requestId":"e91d8479-6972-4a53-82cc-a9965bd8bcf4","method":"GET","route":"/functions/v1/api/v1/me/consent/status","status":200,"durationMs":1}
=== baseline:consent_grant → 200 pass
  log {"evt":"api_request","requestId":"84435d79-52a0-44df-a8b2-20aec3666479","method":"POST","route":"/functions/v1/api/v1/me/consent/grant","status":200,"durationMs":1}
=== baseline:consent_withdraw → 200 pass
  log {"evt":"api_request","requestId":"e4e95b90-3edd-4891-b203-a69591e6cdb0","method":"POST","route":"/functions/v1/api/v1/me/consent/withdraw","status":200,"durationMs":2}
=== baseline:delete_request → 200 pass
  log {"evt":"api_request","requestId":"6fe5e61d-1a05-4b22-b746-a6cd8889a8a2","method":"POST","route":"/functions/v1/api/v1/me/delete-request","status":200,"durationMs":2}
=== baseline:delete_confirm_google → 200 pass
  warn [api] account deleted: 0f1f0959-92da-4500-9ceb-41e703d8808d
  log {"evt":"api_request","requestId":"fa575a87-6194-4df6-b78f-3bac0e6f8e08","method":"POST","route":"/functions/v1/api/v1/me/delete-confirm","status":200,"durationMs":2}
=== baseline:delete_confirm_apple → 200 pass
  warn [api] account deleted: 8be2be66-1028-4347-be6c-436958a33aef
  log {"evt":"api_request","requestId":"7c51e622-5ec9-4b4a-9b3c-ed5c3cc67d10","method":"POST","route":"/functions/v1/api/v1/me/delete-confirm","status":200,"durationMs":4}
=== baseline:saved_drills_list → 200 pass
  log {"evt":"api_request","requestId":"f9debd1a-1658-4293-8c06-1537eb5b420e","method":"GET","route":"/functions/v1/api/v1/me/saved-drills","status":200,"durationMs":2}
=== baseline:saved_drills_save → 200 pass
  log {"evt":"api_request","requestId":"545d76f2-82da-4606-8a8e-c7a8c40b1c59","method":"PUT","route":"/functions/v1/api/v1/me/saved-drills/wall-dink-rally","status":200,"durationMs":2}
=== baseline:saved_drills_unsave → 204 pass
  log {"evt":"api_request","requestId":"fa6f17cc-4e58-4569-9441-1671b920208b","method":"DELETE","route":"/functions/v1/api/v1/me/saved-drills/wall-dink-rally","status":204,"durationMs":1}
=== baseline:catalog_drills_list → 200 pass
  log {"evt":"api_request","requestId":"7fe0c540-2ecc-4056-b2d1-8810e2aa7d36","method":"GET","route":"/functions/v1/api/v1/catalog/drills","status":200,"durationMs":1}
=== baseline:catalog_drill_get → 200 pass
  log {"evt":"api_request","requestId":"32568368-042b-47ed-af0a-26319094ef04","method":"GET","route":"/functions/v1/api/v1/catalog/drills/wall-dink-rally","status":200,"durationMs":1}
=== baseline:training_plans_current → 200 pass
  log {"evt":"api_request","requestId":"56d808d1-5da4-4956-9643-e9ec2b0d9d5a","method":"GET","route":"/functions/v1/api/v1/training-plans/current","status":200,"durationMs":1}
=== baseline:training_plans_create → 409 pass
  log {"evt":"api_request","requestId":"45257cb1-d0d4-4b42-8bdb-0174aab5058d","method":"POST","route":"/functions/v1/api/v1/training-plans","status":409,"durationMs":2,"code":"training.plan_unavailable"}
=== matrix:healthz:redis:error_500 → 200 degraded_ok
  log {"evt":"api_request","requestId":"180ec5ce-2608-4eaf-8358-fdf19fcb4799","method":"GET","route":"/functions/v1/api/healthz","status":200,"durationMs":0}
=== matrix:healthz:redis:unauthorized_401 → 200 degraded_ok
  log {"evt":"api_request","requestId":"2f6e4844-45b2-4e42-9dfa-5fd9c6f1cb42","method":"GET","route":"/functions/v1/api/healthz","status":200,"durationMs":0}
=== matrix:healthz:redis:network_error → 200 degraded_ok
  log {"evt":"api_request","requestId":"91a51368-f2d7-4c05-8172-3157a1a12962","method":"GET","route":"/functions/v1/api/healthz","status":200,"durationMs":0}
=== matrix:healthz:redis:malformed_json → 200 degraded_ok
  log {"evt":"api_request","requestId":"b5031883-0f9c-45be-b068-d831707ad94d","method":"GET","route":"/functions/v1/api/healthz","status":200,"durationMs":0}
=== matrix:healthz:redis:wrong_shape → 200 degraded_ok
  log {"evt":"api_request","requestId":"ce3b0f4c-3fec-4af9-8fdf-af3200f02c86","method":"GET","route":"/functions/v1/api/healthz","status":200,"durationMs":0}
=== matrix:healthz:redis:slow_300ms → 200 degraded_ok
  log {"evt":"api_request","requestId":"cbcae0b3-0ef0-4eca-a098-4ec4363439eb","method":"GET","route":"/functions/v1/api/healthz","status":200,"durationMs":301}
=== matrix:healthz:redis:hang → 200 degraded_ok
  log {"evt":"api_request","requestId":"171d78a0-564d-4eae-bcb0-de129057145b","method":"GET","route":"/functions/v1/api/healthz","status":200,"durationMs":1202}
=== matrix:support:redis:error_500 → 200 degraded_ok
  log {"evt":"api_request","requestId":"9364d128-8a55-441c-9e8a-d0784c39db92","method":"GET","route":"/functions/v1/api/support","status":200,"durationMs":0}
=== matrix:support:redis:unauthorized_401 → 200 degraded_ok
  log {"evt":"api_request","requestId":"cd49757d-6e6b-409a-9d0c-76e119cf3083","method":"GET","route":"/functions/v1/api/support","status":200,"durationMs":0}
=== matrix:support:redis:network_error → 200 degraded_ok
  log {"evt":"api_request","requestId":"2b3c4099-85a3-4b32-a5e3-b16650a88ab6","method":"GET","route":"/functions/v1/api/support","status":200,"durationMs":0}
=== matrix:support:redis:malformed_json → 200 degraded_ok
  log {"evt":"api_request","requestId":"87e89767-8086-4273-bce3-1ba5d70396e3","method":"GET","route":"/functions/v1/api/support","status":200,"durationMs":0}
=== matrix:support:redis:wrong_shape → 200 degraded_ok
  log {"evt":"api_request","requestId":"f629fb90-022d-4a8b-ba4b-ec1f17eef1cc","method":"GET","route":"/functions/v1/api/support","status":200,"durationMs":0}
=== matrix:support:redis:slow_300ms → 200 degraded_ok
  log {"evt":"api_request","requestId":"e66cc22c-32a6-4ba8-bf44-55091ee5cc2b","method":"GET","route":"/functions/v1/api/support","status":200,"durationMs":302}
=== matrix:support:redis:hang → 200 degraded_ok
  log {"evt":"api_request","requestId":"de35f247-f463-4889-97b0-b1b00837044c","method":"GET","route":"/functions/v1/api/support","status":200,"durationMs":1200}
=== matrix:privacy:redis:error_500 → 200 degraded_ok
  log {"evt":"api_request","requestId":"305cdd63-8d3a-4918-820c-d55df2a213bc","method":"GET","route":"/functions/v1/api/privacy","status":200,"durationMs":0}
=== matrix:privacy:redis:unauthorized_401 → 200 degraded_ok
  log {"evt":"api_request","requestId":"7e45193d-9752-43eb-916b-3f41cd450586","method":"GET","route":"/functions/v1/api/privacy","status":200,"durationMs":0}
=== matrix:privacy:redis:network_error → 200 degraded_ok
  log {"evt":"api_request","requestId":"30545350-e95a-4761-8ccc-8954f522b215","method":"GET","route":"/functions/v1/api/privacy","status":200,"durationMs":0}
=== matrix:privacy:redis:malformed_json → 200 degraded_ok
  log {"evt":"api_request","requestId":"1f5daee8-45c4-46c3-b9d9-38893691f50c","method":"GET","route":"/functions/v1/api/privacy","status":200,"durationMs":0}
=== matrix:privacy:redis:wrong_shape → 200 degraded_ok
  log {"evt":"api_request","requestId":"5bfaf2f4-2e7a-4198-b39c-0c0283884e4b","method":"GET","route":"/functions/v1/api/privacy","status":200,"durationMs":0}
=== matrix:privacy:redis:slow_300ms → 200 degraded_ok
  log {"evt":"api_request","requestId":"e3a43563-9e89-4298-8a86-46012029d923","method":"GET","route":"/functions/v1/api/privacy","status":200,"durationMs":302}
=== matrix:privacy:redis:hang → 200 degraded_ok
  log {"evt":"api_request","requestId":"6e32eaa8-6052-47bc-80c7-3b2e9e999437","method":"GET","route":"/functions/v1/api/privacy","status":200,"durationMs":1200}
=== matrix:terms:redis:error_500 → 200 degraded_ok
  log {"evt":"api_request","requestId":"692a0663-5944-4e92-ad65-5f49344aa66e","method":"GET","route":"/functions/v1/api/terms","status":200,"durationMs":0}
=== matrix:terms:redis:unauthorized_401 → 200 degraded_ok
  log {"evt":"api_request","requestId":"15deb6ed-e38c-47c1-9571-51592c5099bf","method":"GET","route":"/functions/v1/api/terms","status":200,"durationMs":0}
=== matrix:terms:redis:network_error → 200 degraded_ok
  log {"evt":"api_request","requestId":"bd04752a-4972-4d1c-af71-6edf1ee0b801","method":"GET","route":"/functions/v1/api/terms","status":200,"durationMs":0}
=== matrix:terms:redis:malformed_json → 200 degraded_ok
  log {"evt":"api_request","requestId":"173ff854-5b44-4d92-9010-f6adf3232977","method":"GET","route":"/functions/v1/api/terms","status":200,"durationMs":0}
=== matrix:terms:redis:wrong_shape → 200 degraded_ok
  log {"evt":"api_request","requestId":"e7e642f3-af87-44c1-a04d-81c1bf7c3674","method":"GET","route":"/functions/v1/api/terms","status":200,"durationMs":0}
=== matrix:terms:redis:slow_300ms → 200 degraded_ok
  log {"evt":"api_request","requestId":"a55fce30-c082-42cd-b305-0a0b069be24a","method":"GET","route":"/functions/v1/api/terms","status":200,"durationMs":301}
=== matrix:terms:redis:hang → 200 degraded_ok
  log {"evt":"api_request","requestId":"648bb225-1a7d-4873-9a25-946f0de381c3","method":"GET","route":"/functions/v1/api/terms","status":200,"durationMs":1202}
=== matrix:webhook_revenuecat:rest:error_500 → 200 false_success
  error [api] webhook event lookup failed: FI_LEAK_0448c2eeac52 relation "public.secret_table" does not exist
  error [api] webhook verdict persist failed: FI_LEAK_0448c2eeac52 relation "public.secret_table" does not exist
  error [api] webhook event log failed: FI_LEAK_0448c2eeac52 relation "public.secret_table" does not exist
  log {"evt":"api_request","requestId":"d39b149d-f6c8-4d1b-98a9-4eba28a2de4c","method":"POST","route":"/functions/v1/api/webhooks/revenuecat","status":200,"durationMs":1}
=== matrix:webhook_revenuecat:rest:down_503 → 200 false_success
  error [api] webhook event lookup failed: FI_LEAK_7b0831269248 relation "public.secret_table" does not exist
  error [api] webhook verdict persist failed: FI_LEAK_7b0831269248 relation "public.secret_table" does not exist
  error [api] webhook event log failed: FI_LEAK_7b0831269248 relation "public.secret_table" does not exist
  log {"evt":"api_request","requestId":"5cf822cb-d605-42f6-91d2-1224d448b96c","method":"POST","route":"/functions/v1/api/webhooks/revenuecat","status":200,"durationMs":7007}
=== matrix:webhook_revenuecat:rest:gateway_502_html → 200 false_success
  error [api] webhook event lookup failed: <html><head><title>502 Bad Gateway</title></head><body>502 Bad Gateway FI_LEAK_aeaa1a3e074e upstream connect error</body></html>
  error [api] webhook verdict persist failed: <html><head><title>502 Bad Gateway</title></head><body>502 Bad Gateway FI_LEAK_aeaa1a3e074e upstream connect error</body></html>
  error [api] webhook event log failed: <html><head><title>502 Bad Gateway</title></head><body>502 Bad Gateway FI_LEAK_aeaa1a3e074e upstream connect error</body></html>
  log {"evt":"api_request","requestId":"bcd18984-a6c7-44f5-860e-99904ba09430","method":"POST","route":"/functions/v1/api/webhooks/revenuecat","status":200,"durationMs":1}
=== matrix:webhook_revenuecat:rest:network_error → 200 false_success
  error [api] webhook event lookup failed: TypeError: error sending request for url (http://supabase.fi.test/rest/v1/webhook_events?select=id&id=eq.evt-b6b7fd665af307ad): client error (Connect): dns error FI_LEAK_b6b7fd665af3
  error [api] webhook verdict persist failed: TypeError: error sending request for url (http://supabase.fi.test/rest/v1/billing_entitlements?on_conflict=user_id): client error (Connect): dns error FI_LEAK_b6b7fd665af3
  error [api] webhook event log failed: TypeError: error sending request for url (http://supabase.fi.test/rest/v1/webhook_events?on_conflict=id): client error (Connect): dns error FI_LEAK_b6b7fd665af3
  log {"evt":"api_request","requestId":"ea9a4f18-6e52-4a7b-b0db-2f683dffba62","method":"POST","route":"/functions/v1/api/webhooks/revenuecat","status":200,"durationMs":7007}
=== matrix:webhook_revenuecat:rest:malformed_json → 200 false_success
  error [api] webhook event lookup failed: {"FI_LEAK_68faff4f0a83": tru
  error [api] webhook verdict persist failed: {"FI_LEAK_68faff4f0a83": tru
  error [api] webhook event log failed: {"FI_LEAK_68faff4f0a83": tru
  log {"evt":"api_request","requestId":"14033a65-cd5f-4e7f-a94f-4bbe7e593202","method":"POST","route":"/functions/v1/api/webhooks/revenuecat","status":200,"durationMs":1}
=== matrix:webhook_revenuecat:rest:wrong_shape → 200 degraded_ok
  log {"evt":"api_request","requestId":"11bca78d-8902-4bc1-a6d5-7545711d05f7","method":"POST","route":"/functions/v1/api/webhooks/revenuecat","status":200,"durationMs":0}
=== matrix:webhook_revenuecat:rest:empty_body → 200 degraded_ok
  log {"evt":"api_request","requestId":"ebbed73b-923b-48c8-981b-bc420521e935","method":"POST","route":"/functions/v1/api/webhooks/revenuecat","status":200,"durationMs":0}
=== matrix:webhook_revenuecat:rest:hang → TIMEOUT hang_unbounded
=== matrix:webhook_revenuecat:redis:error_500 → 200 degraded_ok
  log {"evt":"api_request","requestId":"aa494c97-7f57-4b12-8733-227ae073a619","method":"POST","route":"/functions/v1/api/webhooks/revenuecat","status":200,"durationMs":1}
=== matrix:webhook_revenuecat:redis:unauthorized_401 → 200 degraded_ok
  log {"evt":"api_request","requestId":"5d073d2b-f692-40de-bc04-14c71582f9dc","method":"POST","route":"/functions/v1/api/webhooks/revenuecat","status":200,"durationMs":1}
=== matrix:webhook_revenuecat:redis:network_error → 200 degraded_ok
  log {"evt":"api_request","requestId":"36532a09-8c0a-488d-8b3d-394873f8be74","method":"POST","route":"/functions/v1/api/webhooks/revenuecat","status":200,"durationMs":1}
=== matrix:webhook_revenuecat:redis:malformed_json → 200 degraded_ok
  log {"evt":"api_request","requestId":"5869b2e0-c199-4844-8370-d99665cf19b8","method":"POST","route":"/functions/v1/api/webhooks/revenuecat","status":200,"durationMs":1}
=== matrix:webhook_revenuecat:redis:wrong_shape → 200 degraded_ok
  log {"evt":"api_request","requestId":"984e037a-9e0c-4d23-9cb2-fe92b9159588","method":"POST","route":"/functions/v1/api/webhooks/revenuecat","status":200,"durationMs":0}
=== matrix:webhook_revenuecat:redis:slow_300ms → 200 degraded_ok
  log {"evt":"api_request","requestId":"0ca5278c-a6d5-4594-a2fb-c925d28be38f","method":"POST","route":"/functions/v1/api/webhooks/revenuecat","status":200,"durationMs":302}
=== matrix:webhook_revenuecat:redis:hang → 200 degraded_ok
  log {"evt":"api_request","requestId":"77760050-eb60-4634-bee5-9262c8f444f9","method":"POST","route":"/functions/v1/api/webhooks/revenuecat","status":200,"durationMs":1202}
=== matrix:webhook_revenuecat:revenuecat:error_500 → 503 pass
  log {"evt":"api_request","requestId":"780170dc-9ff6-422c-9a8b-fae7a5dc4c69","method":"POST","route":"/functions/v1/api/webhooks/revenuecat","status":503,"durationMs":0}
=== matrix:webhook_revenuecat:revenuecat:gateway_502_html → 503 pass
  log {"evt":"api_request","requestId":"0fc12213-6ce9-4002-91e6-2e8f4c27241f","method":"POST","route":"/functions/v1/api/webhooks/revenuecat","status":503,"durationMs":0}
=== matrix:webhook_revenuecat:revenuecat:network_error → 503 pass
  log {"evt":"api_request","requestId":"94486315-bd52-4d6c-846b-5b856b431274","method":"POST","route":"/functions/v1/api/webhooks/revenuecat","status":503,"durationMs":0}
=== matrix:webhook_revenuecat:revenuecat:malformed_json → 503 pass
  log {"evt":"api_request","requestId":"8527becc-1623-40e2-a086-faebddd0ac62","method":"POST","route":"/functions/v1/api/webhooks/revenuecat","status":503,"durationMs":0}
=== matrix:webhook_revenuecat:revenuecat:wrong_shape → 503 pass
  log {"evt":"api_request","requestId":"fef90cc8-fcc8-4192-b15c-223646077599","method":"POST","route":"/functions/v1/api/webhooks/revenuecat","status":503,"durationMs":0}
=== matrix:webhook_revenuecat:revenuecat:empty_body → 503 pass
  log {"evt":"api_request","requestId":"ca740d4f-a130-4014-a8db-5e5daaaebfa6","method":"POST","route":"/functions/v1/api/webhooks/revenuecat","status":503,"durationMs":0}
=== matrix:webhook_revenuecat:revenuecat:slow_2000ms → 200 degraded_ok
  log {"evt":"api_request","requestId":"805947df-7968-4cb3-9630-a1275a5543a7","method":"POST","route":"/functions/v1/api/webhooks/revenuecat","status":200,"durationMs":2002}
=== matrix:webhook_revenuecat:revenuecat:hang → 503 pass
  log {"evt":"api_request","requestId":"106b543d-2f6a-4a45-ab99-8c6a6c4114ac","method":"POST","route":"/functions/v1/api/webhooks/revenuecat","status":503,"durationMs":10001}
=== matrix:account_bootstrap_google:auth:down_503 → 401 misclassified_auth_failure
  log {"evt":"api_request","requestId":"608f6d8b-ce5d-4bf5-963c-f61091185338","method":"POST","route":"/functions/v1/api/v1/account/bootstrap","status":401,"durationMs":1}
=== matrix:account_bootstrap_google:auth:error_500 → 401 misclassified_auth_failure
  log {"evt":"api_request","requestId":"a52d90a2-d62b-417d-b468-b6e5e480292a","method":"POST","route":"/functions/v1/api/v1/account/bootstrap","status":401,"durationMs":0}
=== matrix:account_bootstrap_google:auth:gateway_502_html → 401 misclassified_auth_failure
  log {"evt":"api_request","requestId":"195009bf-2067-4c5c-8241-aba902f2b0fb","method":"POST","route":"/functions/v1/api/v1/account/bootstrap","status":401,"durationMs":0}
=== matrix:account_bootstrap_google:auth:network_error → 401 misclassified_auth_failure
  log {"evt":"api_request","requestId":"0195a46d-8a2b-4719-8f08-2ff2a1105b02","method":"POST","route":"/functions/v1/api/v1/account/bootstrap","status":401,"durationMs":0}
=== matrix:account_bootstrap_google:auth:malformed_json → 401 misclassified_auth_failure
  log {"evt":"api_request","requestId":"e36256b8-ebf0-4609-8aba-5bc5ff3bd638","method":"POST","route":"/functions/v1/api/v1/account/bootstrap","status":401,"durationMs":0}
=== matrix:account_bootstrap_google:auth:wrong_shape → 401 misclassified_auth_failure
  log {"evt":"api_request","requestId":"4eb42fd2-cc50-40d2-b826-4af6f4bca280","method":"POST","route":"/functions/v1/api/v1/account/bootstrap","status":401,"durationMs":0}
=== matrix:account_bootstrap_google:auth:empty_body → 401 misclassified_auth_failure
  log {"evt":"api_request","requestId":"6faafdbd-71e3-4111-b4b3-0d8ac18b1318","method":"POST","route":"/functions/v1/api/v1/account/bootstrap","status":401,"durationMs":0}
=== matrix:account_bootstrap_google:auth:slow_1500ms → 200 degraded_ok
  log {"evt":"api_request","requestId":"043f1aa3-1974-43a9-981c-61916690e6ce","method":"POST","route":"/functions/v1/api/v1/account/bootstrap","status":200,"durationMs":1502}
=== matrix:account_bootstrap_google:auth:hang → TIMEOUT hang_unbounded
=== matrix:account_bootstrap_google:rest:error_500 → 503 pass
  error [api] Your account: FI_LEAK_8846585f882d relation "public.secret_table" does not exist
  log {"evt":"api_request","requestId":"627c6cc2-758d-4149-8d27-4a242c019be2","method":"POST","route":"/functions/v1/api/v1/account/bootstrap","status":503,"durationMs":1}
=== matrix:account_bootstrap_google:rest:down_503 → 503 pass
  error [api] Your account: FI_LEAK_8ee3b3768983 relation "public.secret_table" does not exist
  log {"evt":"api_request","requestId":"56df66bc-0169-431b-b08a-ad10442540e8","method":"POST","route":"/functions/v1/api/v1/account/bootstrap","status":503,"durationMs":7005}
=== matrix:account_bootstrap_google:rest:gateway_502_html → 503 pass
  error [api] Your account: <html><head><title>502 Bad Gateway</title></head><body>502 Bad Gateway FI_LEAK_c2d1196de5f5 upstream connect error</body></html>
  log {"evt":"api_request","requestId":"4bd51c61-1bb6-4996-8ad5-e1a699847600","method":"POST","route":"/functions/v1/api/v1/account/bootstrap","status":503,"durationMs":1}
=== matrix:account_bootstrap_google:rest:network_error → 503 pass
  error [api] Your account: TypeError: error sending request for url (http://supabase.fi.test/rest/v1/profiles?select=id%2Cemail%2Conboarding_state%2Cprovider%2Cskill_level%2Chandedness%2Cprimary_goal%2Cbiggest_problem%2Cfocus_checkpoint%2Cfirst_name%2Cgender&id=eq.c04438f8-027b-4d82-ad95-5d0cf85a1e37): client error (Connect): dns error FI_LEAK_775136b8e7af
  log {"evt":"api_request","requestId":"936a40c4-e06c-4007-a01a-c6bd49a3f715","method":"POST","route":"/functions/v1/api/v1/account/bootstrap","status":503,"durationMs":7009}
=== matrix:account_bootstrap_google:rest:malformed_json → 503 pass
  error [api] Your account: {"FI_LEAK_37874e8b24ec": tru
  log {"evt":"api_request","requestId":"1f8be8db-c611-4550-ac1a-25ba0a77483b","method":"POST","route":"/functions/v1/api/v1/account/bootstrap","status":503,"durationMs":1}
=== matrix:account_bootstrap_google:rest:wrong_shape → 200 degraded_ok
  log {"evt":"api_request","requestId":"5e6053c7-cac2-46c0-a742-74dc67a02b06","method":"POST","route":"/functions/v1/api/v1/account/bootstrap","status":200,"durationMs":1}
=== matrix:account_bootstrap_google:rest:empty_body → 503 pass
  error [api] Your account: (no detail)
  log {"evt":"api_request","requestId":"b0750a79-b2bb-4e6e-896f-f1e3660aeff4","method":"POST","route":"/functions/v1/api/v1/account/bootstrap","status":503,"durationMs":402}
=== matrix:account_bootstrap_google:rest:hang → TIMEOUT hang_unbounded
=== matrix:account_bootstrap_google:redis:error_500 → 200 degraded_ok
  log {"evt":"api_request","requestId":"44c976ce-9bab-4b79-b235-8d42bf2b0d7e","method":"POST","route":"/functions/v1/api/v1/account/bootstrap","status":200,"durationMs":1}
=== matrix:account_bootstrap_google:redis:unauthorized_401 → 200 degraded_ok
  log {"evt":"api_request","requestId":"cd30c634-9409-4b36-af6e-cd20d01c1257","method":"POST","route":"/functions/v1/api/v1/account/bootstrap","status":200,"durationMs":1}
=== matrix:account_bootstrap_google:redis:network_error → 200 degraded_ok
  log {"evt":"api_request","requestId":"b7f518ce-0593-4913-96e3-41dbc17f57d3","method":"POST","route":"/functions/v1/api/v1/account/bootstrap","status":200,"durationMs":1}
=== matrix:account_bootstrap_google:redis:malformed_json → 200 degraded_ok
  log {"evt":"api_request","requestId":"1c0ebc1a-f910-4b60-8945-c4ae15bc14b1","method":"POST","route":"/functions/v1/api/v1/account/bootstrap","status":200,"durationMs":1}
=== matrix:account_bootstrap_google:redis:wrong_shape → 200 degraded_ok
  log {"evt":"api_request","requestId":"1e60c1b0-21e3-42a2-8cdf-d5c9c0df6b88","method":"POST","route":"/functions/v1/api/v1/account/bootstrap","status":200,"durationMs":1}
=== matrix:account_bootstrap_google:redis:slow_300ms → 200 degraded_ok
  log {"evt":"api_request","requestId":"78c83c4f-8edb-4ba3-a315-d71251b68757","method":"POST","route":"/functions/v1/api/v1/account/bootstrap","status":200,"durationMs":905}
=== matrix:account_bootstrap_google:redis:hang → 200 degraded_ok
  log {"evt":"api_request","requestId":"e21dfd3d-06ee-4d8f-be79-e8d95c412369","method":"POST","route":"/functions/v1/api/v1/account/bootstrap","status":200,"durationMs":3605}
=== matrix:account_bootstrap_apple:auth:down_503 → 401 misclassified_auth_failure
  log {"evt":"api_request","requestId":"2af55b3f-df2c-4e3b-8817-1301156a9f3e","method":"POST","route":"/functions/v1/api/v1/account/bootstrap","status":401,"durationMs":0}
=== matrix:account_bootstrap_apple:auth:error_500 → 401 misclassified_auth_failure
  log {"evt":"api_request","requestId":"7faed698-e42d-4014-8cbf-566273530cb5","method":"POST","route":"/functions/v1/api/v1/account/bootstrap","status":401,"durationMs":0}
=== matrix:account_bootstrap_apple:auth:gateway_502_html → 401 misclassified_auth_failure
  log {"evt":"api_request","requestId":"0678656c-1ecf-4a34-a5f2-7523553bae80","method":"POST","route":"/functions/v1/api/v1/account/bootstrap","status":401,"durationMs":0}
=== matrix:account_bootstrap_apple:auth:network_error → 401 misclassified_auth_failure
  log {"evt":"api_request","requestId":"fceb6aaf-cf67-4c27-bda8-1546e8f774e5","method":"POST","route":"/functions/v1/api/v1/account/bootstrap","status":401,"durationMs":0}
=== matrix:account_bootstrap_apple:auth:malformed_json → 401 misclassified_auth_failure
  log {"evt":"api_request","requestId":"42de06c0-3032-46cc-b2a0-aaf549e44edd","method":"POST","route":"/functions/v1/api/v1/account/bootstrap","status":401,"durationMs":0}
=== matrix:account_bootstrap_apple:auth:wrong_shape → 401 misclassified_auth_failure
  log {"evt":"api_request","requestId":"48a2713e-a32b-4a2c-af8c-68abdab3029a","method":"POST","route":"/functions/v1/api/v1/account/bootstrap","status":401,"durationMs":0}
=== matrix:account_bootstrap_apple:auth:empty_body → 401 misclassified_auth_failure
  log {"evt":"api_request","requestId":"9311e3ee-e347-462e-a344-1f44f5f8c638","method":"POST","route":"/functions/v1/api/v1/account/bootstrap","status":401,"durationMs":0}
=== matrix:account_bootstrap_apple:auth:slow_1500ms → 200 degraded_ok
  log {"evt":"api_request","requestId":"45133454-76a9-4863-9b2d-e1c0ab23c11e","method":"POST","route":"/functions/v1/api/v1/account/bootstrap","status":200,"durationMs":1504}
=== matrix:account_bootstrap_apple:auth:hang → TIMEOUT hang_unbounded
=== matrix:account_bootstrap_apple:rest:error_500 → 503 pass
  error [api] Your account: FI_LEAK_47711a50f821 relation "public.secret_table" does not exist
  log {"evt":"api_request","requestId":"e86f60ac-c27e-4dcd-91b4-f582caa04207","method":"POST","route":"/functions/v1/api/v1/account/bootstrap","status":503,"durationMs":1}
=== matrix:account_bootstrap_apple:rest:down_503 → 503 pass
  error [api] Your account: FI_LEAK_54bdb6ec8b58 relation "public.secret_table" does not exist
  log {"evt":"api_request","requestId":"19253926-ace8-486d-b1f7-12e0ce7297de","method":"POST","route":"/functions/v1/api/v1/account/bootstrap","status":503,"durationMs":7006}
=== matrix:account_bootstrap_apple:rest:gateway_502_html → 503 pass
  error [api] Your account: <html><head><title>502 Bad Gateway</title></head><body>502 Bad Gateway FI_LEAK_bc9514e679f9 upstream connect error</body></html>
  log {"evt":"api_request","requestId":"9b9db8bd-1b15-48e0-8c76-9c5df6005f70","method":"POST","route":"/functions/v1/api/v1/account/bootstrap","status":503,"durationMs":1}
=== matrix:account_bootstrap_apple:rest:network_error → 503 pass
  error [api] Your account: TypeError: error sending request for url (http://supabase.fi.test/rest/v1/profiles?select=id%2Cemail%2Conboarding_state%2Cprovider%2Cskill_level%2Chandedness%2Cprimary_goal%2Cbiggest_problem%2Cfocus_checkpoint%2Cfirst_name%2Cgender&id=eq.3ab5cd35-fb39-481f-b414-6c2233475544): client error (Connect): dns error FI_LEAK_1e407d9e0ab7
  log {"evt":"api_request","requestId":"b18db352-2496-4bec-a688-218af06a4125","method":"POST","route":"/functions/v1/api/v1/account/bootstrap","status":503,"durationMs":7005}
=== matrix:account_bootstrap_apple:rest:malformed_json → 503 pass
  error [api] Your account: {"FI_LEAK_c583cdc088f7": tru
  log {"evt":"api_request","requestId":"ac6e69ee-c590-4761-af00-f08d560287d8","method":"POST","route":"/functions/v1/api/v1/account/bootstrap","status":503,"durationMs":1}
=== matrix:account_bootstrap_apple:rest:wrong_shape → 200 degraded_ok
  log {"evt":"api_request","requestId":"b4726cc0-f19d-4214-a9a3-09337ef12b8b","method":"POST","route":"/functions/v1/api/v1/account/bootstrap","status":200,"durationMs":3}
=== matrix:account_bootstrap_apple:rest:empty_body → 503 pass
  error [api] Your account: (no detail)
  log {"evt":"api_request","requestId":"78d394e6-bcd9-4fbc-818b-88af05c6b007","method":"POST","route":"/functions/v1/api/v1/account/bootstrap","status":503,"durationMs":402}
=== matrix:account_bootstrap_apple:rest:hang → TIMEOUT hang_unbounded
=== matrix:account_bootstrap_apple:redis:error_500 → 200 degraded_ok
  log {"evt":"api_request","requestId":"ceee2fff-9769-4f04-a0a9-aaf7d02e2dd4","method":"POST","route":"/functions/v1/api/v1/account/bootstrap","status":200,"durationMs":2}
=== matrix:account_bootstrap_apple:redis:unauthorized_401 → 200 degraded_ok
  log {"evt":"api_request","requestId":"130c7982-8e1e-4bd3-9d33-f02142312821","method":"POST","route":"/functions/v1/api/v1/account/bootstrap","status":200,"durationMs":2}
=== matrix:account_bootstrap_apple:redis:network_error → 200 degraded_ok
  log {"evt":"api_request","requestId":"0718dd22-4fc4-4a18-8273-fa1118e38f1d","method":"POST","route":"/functions/v1/api/v1/account/bootstrap","status":200,"durationMs":2}
=== matrix:account_bootstrap_apple:redis:malformed_json → 200 degraded_ok
  log {"evt":"api_request","requestId":"88b2f1c0-21fe-47eb-ad53-c0ece645464e","method":"POST","route":"/functions/v1/api/v1/account/bootstrap","status":200,"durationMs":2}
=== matrix:account_bootstrap_apple:redis:wrong_shape → 200 degraded_ok
  log {"evt":"api_request","requestId":"0e3b8244-1420-4a4d-9a78-46ba299d5ee3","method":"POST","route":"/functions/v1/api/v1/account/bootstrap","status":200,"durationMs":2}
=== matrix:account_bootstrap_apple:redis:slow_300ms → 200 degraded_ok
  log {"evt":"api_request","requestId":"f6550cc1-84e5-4f66-affc-2c8ccc1a8bf7","method":"POST","route":"/functions/v1/api/v1/account/bootstrap","status":200,"durationMs":907}
=== matrix:account_bootstrap_apple:redis:hang → 200 degraded_ok
  log {"evt":"api_request","requestId":"cd1b64a1-8202-4f0a-b2e7-5b880424cb78","method":"POST","route":"/functions/v1/api/v1/account/bootstrap","status":200,"durationMs":3611}
=== matrix:account_bootstrap_apple:apple:error_500 → 503 pass
  error [api] Apple sign-in: Apple authorization-code exchange failed (500 server_error).
  log {"evt":"api_request","requestId":"a6a422eb-3e83-49e9-86eb-fb253a52f713","method":"POST","route":"/functions/v1/api/v1/account/bootstrap","status":503,"durationMs":2}
=== matrix:account_bootstrap_apple:apple:network_error → 503 pass
  error [api] Apple sign-in: apple could not be reached.
  log {"evt":"api_request","requestId":"d7c9ceae-c035-470f-86ee-5929bea2f85e","method":"POST","route":"/functions/v1/api/v1/account/bootstrap","status":503,"durationMs":1}
=== matrix:account_bootstrap_apple:apple:malformed_json → 503 pass
  error [api] Apple sign-in: Apple returned an incomplete token grant.
  log {"evt":"api_request","requestId":"8ba38b42-22ce-4a3b-a7de-f217a9281964","method":"POST","route":"/functions/v1/api/v1/account/bootstrap","status":503,"durationMs":1}
=== matrix:account_bootstrap_apple:apple:wrong_shape → 503 pass
  error [api] Apple sign-in: Apple returned an incomplete token grant.
  log {"evt":"api_request","requestId":"df1faad7-336b-416f-990d-373bb2fa9262","method":"POST","route":"/functions/v1/api/v1/account/bootstrap","status":503,"durationMs":1}
=== matrix:account_bootstrap_apple:apple:invalid_grant_400 → 401 pass
  log {"evt":"api_request","requestId":"8f269181-171d-4456-9e45-dadd82ea0373","method":"POST","route":"/functions/v1/api/v1/account/bootstrap","status":401,"durationMs":1,"code":"auth.apple_authorization_invalid"}
=== matrix:auth_refresh:auth:down_503 → 503 pass
  error [api] Session refresh: FI_LEAK_9dbc8e8a3eb7 database error querying schema auth.users
  log {"evt":"api_request","requestId":"a056fce2-5d15-4bb1-87c0-97b92e50f1b9","method":"POST","route":"/functions/v1/api/v1/auth/refresh","status":503,"durationMs":25410}
=== matrix:auth_refresh:auth:error_500 → 503 pass
  error [api] Session refresh: FI_LEAK_e2a8a578e1b1 database error querying schema auth.users
  log {"evt":"api_request","requestId":"fc32b20c-2844-4796-9fdc-b337b55abb49","method":"POST","route":"/functions/v1/api/v1/auth/refresh","status":503,"durationMs":25409}
=== matrix:auth_refresh:auth:gateway_502_html → 503 pass
  error [api] Session refresh: HTTP 502
  log {"evt":"api_request","requestId":"92d2e197-591e-4b17-b4a0-3df901f1341e","method":"POST","route":"/functions/v1/api/v1/auth/refresh","status":503,"durationMs":25411}
=== matrix:auth_refresh:auth:network_error → 401 misclassified_auth_failure
  log {"evt":"api_request","requestId":"9d4de6ef-c534-420f-af8d-5a5986986c90","method":"POST","route":"/functions/v1/api/v1/auth/refresh","status":401,"durationMs":25410}
=== matrix:auth_refresh:auth:malformed_json → 401 misclassified_auth_failure
  log {"evt":"api_request","requestId":"27843c03-5b55-416e-b6a9-0a0412612043","method":"POST","route":"/functions/v1/api/v1/auth/refresh","status":401,"durationMs":25412}
=== matrix:auth_refresh:auth:wrong_shape → 401 misclassified_auth_failure
  log {"evt":"api_request","requestId":"c866215a-d0db-48df-a159-29a9a8133446","method":"POST","route":"/functions/v1/api/v1/auth/refresh","status":401,"durationMs":1}
=== matrix:auth_refresh:auth:empty_body → 401 misclassified_auth_failure
  log {"evt":"api_request","requestId":"a2c9bd6f-6976-4a15-976d-cdfd867fa795","method":"POST","route":"/functions/v1/api/v1/auth/refresh","status":401,"durationMs":25428}
=== matrix:auth_refresh:auth:slow_1500ms → 200 degraded_ok
  log {"evt":"api_request","requestId":"a504ee31-3ff6-4f94-8897-f9113f8ce99c","method":"POST","route":"/functions/v1/api/v1/auth/refresh","status":200,"durationMs":1502}
=== matrix:auth_refresh:auth:hang → TIMEOUT hang_unbounded
=== matrix:auth_refresh:redis:error_500 → 200 degraded_ok
  log {"evt":"api_request","requestId":"5cd69434-54e3-447e-ba6b-0c97d71109e2","method":"POST","route":"/functions/v1/api/v1/auth/refresh","status":200,"durationMs":1}
=== matrix:auth_refresh:redis:unauthorized_401 → 200 degraded_ok
  log {"evt":"api_request","requestId":"d7db090e-452e-4444-bee1-d7a14dea8a65","method":"POST","route":"/functions/v1/api/v1/auth/refresh","status":200,"durationMs":0}
=== matrix:auth_refresh:redis:network_error → 200 degraded_ok
  log {"evt":"api_request","requestId":"27fa05a0-996e-44bb-ad15-c36365c5262e","method":"POST","route":"/functions/v1/api/v1/auth/refresh","status":200,"durationMs":0}
=== matrix:auth_refresh:redis:malformed_json → 200 degraded_ok
  log {"evt":"api_request","requestId":"1ed35279-a632-48ae-a5e4-43ed5c3158d3","method":"POST","route":"/functions/v1/api/v1/auth/refresh","status":200,"durationMs":0}
=== matrix:auth_refresh:redis:wrong_shape → 200 degraded_ok
  log {"evt":"api_request","requestId":"4eba11a7-b0e3-4696-b2eb-5039b62a77f5","method":"POST","route":"/functions/v1/api/v1/auth/refresh","status":200,"durationMs":0}
=== matrix:auth_refresh:redis:slow_300ms → 200 degraded_ok
  log {"evt":"api_request","requestId":"2782066b-8ebc-479a-aa4b-6aa44467fc54","method":"POST","route":"/functions/v1/api/v1/auth/refresh","status":200,"durationMs":905}
=== matrix:auth_refresh:redis:hang → 200 degraded_ok
  log {"evt":"api_request","requestId":"a77696f0-4335-4639-8e0c-2e3d05f3364d","method":"POST","route":"/functions/v1/api/v1/auth/refresh","status":200,"durationMs":3605}
=== matrix:auth_logout:auth:down_503 → 401 misclassified_auth_failure
  log {"evt":"api_request","requestId":"5f273687-2430-4315-abd0-5f7a468ba8a9","method":"POST","route":"/functions/v1/api/v1/auth/logout","status":401,"durationMs":1}
=== matrix:auth_logout:auth:error_500 → 401 misclassified_auth_failure
  log {"evt":"api_request","requestId":"18fdded1-7e72-4824-b703-706b617f6cf1","method":"POST","route":"/functions/v1/api/v1/auth/logout","status":401,"durationMs":0}
=== matrix:auth_logout:auth:gateway_502_html → 401 misclassified_auth_failure
  log {"evt":"api_request","requestId":"a0b06baf-7541-4e82-98b5-88d8f29f4247","method":"POST","route":"/functions/v1/api/v1/auth/logout","status":401,"durationMs":0}
=== matrix:auth_logout:auth:network_error → 401 misclassified_auth_failure
  log {"evt":"api_request","requestId":"d9db75a8-db5a-44f4-bd4a-3da94520d126","method":"POST","route":"/functions/v1/api/v1/auth/logout","status":401,"durationMs":1}
=== matrix:auth_logout:auth:malformed_json → 401 misclassified_auth_failure
  log {"evt":"api_request","requestId":"a7421dc2-42d2-4665-87d5-c4bb94b4a062","method":"POST","route":"/functions/v1/api/v1/auth/logout","status":401,"durationMs":1}
=== matrix:auth_logout:auth:wrong_shape → 401 misclassified_auth_failure
  log {"evt":"api_request","requestId":"3468421a-59e6-46cb-a6f1-3a2f6ccd050f","method":"POST","route":"/functions/v1/api/v1/auth/logout","status":401,"durationMs":0}
=== matrix:auth_logout:auth:empty_body → 401 misclassified_auth_failure
  log {"evt":"api_request","requestId":"61aba435-4e78-4d6d-8df1-46fa6222149b","method":"POST","route":"/functions/v1/api/v1/auth/logout","status":401,"durationMs":0}
=== matrix:auth_logout:auth:slow_1500ms → 204 degraded_ok
  log {"evt":"api_request","requestId":"f2d16b6c-97d1-4bb8-b7aa-d859cc6d1d95","method":"POST","route":"/functions/v1/api/v1/auth/logout","status":204,"durationMs":3003}
=== matrix:auth_logout:auth:hang → TIMEOUT hang_unbounded
=== matrix:auth_logout:redis:error_500 → 204 degraded_ok
  log {"evt":"api_request","requestId":"e42ebaf2-e373-41d6-aac1-3dc298649bbe","method":"POST","route":"/functions/v1/api/v1/auth/logout","status":204,"durationMs":1}
=== matrix:auth_logout:redis:unauthorized_401 → 204 degraded_ok
  log {"evt":"api_request","requestId":"f5fd6042-25b5-4423-80e4-7b2914afbf5c","method":"POST","route":"/functions/v1/api/v1/auth/logout","status":204,"durationMs":1}
=== matrix:auth_logout:redis:network_error → 204 degraded_ok
  log {"evt":"api_request","requestId":"eb842311-a09b-49a5-b456-dd08cf9c8efa","method":"POST","route":"/functions/v1/api/v1/auth/logout","status":204,"durationMs":1}
=== matrix:auth_logout:redis:malformed_json → 204 degraded_ok
  log {"evt":"api_request","requestId":"f2521d21-43c4-47d7-9abc-5a9797a60ad3","method":"POST","route":"/functions/v1/api/v1/auth/logout","status":204,"durationMs":1}
=== matrix:auth_logout:redis:wrong_shape → 204 degraded_ok
  log {"evt":"api_request","requestId":"2bba7716-9408-41e6-bfdf-5374c5b189a1","method":"POST","route":"/functions/v1/api/v1/auth/logout","status":204,"durationMs":1}
=== matrix:auth_logout:redis:slow_300ms → 204 degraded_ok
  log {"evt":"api_request","requestId":"228c29a5-0369-46b2-ba7e-749026882d9e","method":"POST","route":"/functions/v1/api/v1/auth/logout","status":204,"durationMs":1809}
=== matrix:auth_logout:redis:hang → 204 degraded_ok
  log {"evt":"api_request","requestId":"b77da448-8b26-428c-b18c-5ec3c9b83555","method":"POST","route":"/functions/v1/api/v1/auth/logout","status":204,"durationMs":7208}
=== matrix:me:auth:down_503 → 401 misclassified_auth_failure
  log {"evt":"api_request","requestId":"7eab2173-d50b-4460-9577-d04b894be5b5","method":"GET","route":"/functions/v1/api/v1/me","status":401,"durationMs":1}
=== matrix:me:auth:error_500 → 401 misclassified_auth_failure
  log {"evt":"api_request","requestId":"7359da31-7b78-42b2-8906-4435cb69473d","method":"GET","route":"/functions/v1/api/v1/me","status":401,"durationMs":1}
=== matrix:me:auth:gateway_502_html → 401 misclassified_auth_failure
  log {"evt":"api_request","requestId":"5a5a6832-64c0-41ee-b97b-92ad4c81b8bf","method":"GET","route":"/functions/v1/api/v1/me","status":401,"durationMs":0}
=== matrix:me:auth:network_error → 401 misclassified_auth_failure
  log {"evt":"api_request","requestId":"385589bc-6cd2-4017-8d91-33f9c6b9663e","method":"GET","route":"/functions/v1/api/v1/me","status":401,"durationMs":0}
=== matrix:me:auth:malformed_json → 401 misclassified_auth_failure
  log {"evt":"api_request","requestId":"944071f1-2cc8-4768-8d56-7fa710822541","method":"GET","route":"/functions/v1/api/v1/me","status":401,"durationMs":0}
=== matrix:me:auth:wrong_shape → 401 misclassified_auth_failure
  log {"evt":"api_request","requestId":"cbcbfc35-ae0f-4dee-808d-4e3c9da779ce","method":"GET","route":"/functions/v1/api/v1/me","status":401,"durationMs":0}
=== matrix:me:auth:empty_body → 401 misclassified_auth_failure
  log {"evt":"api_request","requestId":"d36e42bc-1ae4-4962-b75b-3012996be7ad","method":"GET","route":"/functions/v1/api/v1/me","status":401,"durationMs":0}
=== matrix:me:auth:slow_1500ms → 200 degraded_ok
  log {"evt":"api_request","requestId":"fe0a7967-6168-42db-a9f3-fb8e57311b83","method":"GET","route":"/functions/v1/api/v1/me","status":200,"durationMs":1502}
=== matrix:me:auth:hang → TIMEOUT hang_unbounded
=== matrix:me:rest:error_500 → 503 pass
  error [api] Your account: FI_LEAK_bfb8aec58e2e relation "public.secret_table" does not exist
  log {"evt":"api_request","requestId":"f96910f8-df5d-4ebf-97a1-cf2fe891587c","method":"GET","route":"/functions/v1/api/v1/me","status":503,"durationMs":1}
=== matrix:me:rest:down_503 → 503 pass
  error [api] Your account: FI_LEAK_3ac97b75a71d relation "public.secret_table" does not exist
  log {"evt":"api_request","requestId":"a4828a72-ad16-4cf8-b2ab-3ca4f3a6d664","method":"GET","route":"/functions/v1/api/v1/me","status":503,"durationMs":7004}
=== matrix:me:rest:gateway_502_html → 503 pass
  error [api] Your account: <html><head><title>502 Bad Gateway</title></head><body>502 Bad Gateway FI_LEAK_40fa843f0ca9 upstream connect error</body></html>
  log {"evt":"api_request","requestId":"8db53a20-4270-448d-be4c-c05f2c0ae7c1","method":"GET","route":"/functions/v1/api/v1/me","status":503,"durationMs":1}
=== matrix:me:rest:network_error → 503 pass
  error [api] Your account: TypeError: error sending request for url (http://supabase.fi.test/rest/v1/profiles?select=id%2Cemail%2Conboarding_state%2Cprovider%2Cskill_level%2Chandedness%2Cprimary_goal%2Cbiggest_problem%2Cfocus_checkpoint%2Cfirst_name%2Cgender&id=eq.d56ce4f6-ac24-4fe0-97d5-8b0d70516996): client error (Connect): dns error FI_LEAK_1834269724c8
  log {"evt":"api_request","requestId":"6609bcbc-233a-4427-ad6b-cf01ab1b74cb","method":"GET","route":"/functions/v1/api/v1/me","status":503,"durationMs":7005}
=== matrix:me:rest:malformed_json → 503 pass
  error [api] Your account: {"FI_LEAK_2deb69d85a4c": tru
  log {"evt":"api_request","requestId":"fcb4883a-1585-40fd-843f-078d12ac6293","method":"GET","route":"/functions/v1/api/v1/me","status":503,"durationMs":1}
=== matrix:me:rest:wrong_shape → 200 degraded_ok
  log {"evt":"api_request","requestId":"377417be-31f3-4f3b-9ddc-ba0fca032be7","method":"GET","route":"/functions/v1/api/v1/me","status":200,"durationMs":1}
=== matrix:me:rest:empty_body → 503 pass
  error [api] Your account: (no detail)
  log {"evt":"api_request","requestId":"0e57f75b-ece6-4c51-a3a0-e3afd806dfd3","method":"GET","route":"/functions/v1/api/v1/me","status":503,"durationMs":402}
=== matrix:me:rest:hang → TIMEOUT hang_unbounded
=== matrix:me:redis:error_500 → 200 degraded_ok
  log {"evt":"api_request","requestId":"9387a06f-60af-4f67-9bbe-b90659ed109a","method":"GET","route":"/functions/v1/api/v1/me","status":200,"durationMs":1}
=== matrix:me:redis:unauthorized_401 → 200 degraded_ok
  log {"evt":"api_request","requestId":"ab9f6f90-55ca-4576-a073-fcfae9f63d8f","method":"GET","route":"/functions/v1/api/v1/me","status":200,"durationMs":1}
=== matrix:me:redis:network_error → 200 degraded_ok
  log {"evt":"api_request","requestId":"14d33ddf-c72a-494e-9fa1-d8823809a63f","method":"GET","route":"/functions/v1/api/v1/me","status":200,"durationMs":1}
=== matrix:me:redis:malformed_json → 200 degraded_ok
  log {"evt":"api_request","requestId":"870bbb04-968f-4539-a230-1047bd799ee9","method":"GET","route":"/functions/v1/api/v1/me","status":200,"durationMs":1}
=== matrix:me:redis:wrong_shape → 200 degraded_ok
  log {"evt":"api_request","requestId":"5352dae3-7bd6-4ad9-92a5-be827d5654fa","method":"GET","route":"/functions/v1/api/v1/me","status":200,"durationMs":1}
=== matrix:me:redis:slow_300ms → 200 degraded_ok
  log {"evt":"api_request","requestId":"7a5e2538-cff0-45f1-b908-035a5e250a41","method":"GET","route":"/functions/v1/api/v1/me","status":200,"durationMs":1508}
=== matrix:me:redis:hang → 200 degraded_ok
  log {"evt":"api_request","requestId":"0b1d7987-9299-4cec-a98c-413bf257e6e3","method":"GET","route":"/functions/v1/api/v1/me","status":200,"durationMs":6010}
=== matrix:me_onboarding:auth:down_503 → 401 misclassified_auth_failure
  log {"evt":"api_request","requestId":"089f8de3-ad61-439d-9680-7187738337da","method":"PUT","route":"/functions/v1/api/v1/me/onboarding","status":401,"durationMs":1}
=== matrix:me_onboarding:auth:error_500 → 401 misclassified_auth_failure
  log {"evt":"api_request","requestId":"5338ae3b-542b-4f77-854d-5d8eb30e648d","method":"PUT","route":"/functions/v1/api/v1/me/onboarding","status":401,"durationMs":1}
=== matrix:me_onboarding:auth:gateway_502_html → 401 misclassified_auth_failure
  log {"evt":"api_request","requestId":"4e65853e-1c73-4671-936a-c3982ca0665d","method":"PUT","route":"/functions/v1/api/v1/me/onboarding","status":401,"durationMs":0}
=== matrix:me_onboarding:auth:network_error → 401 misclassified_auth_failure
  log {"evt":"api_request","requestId":"2741a789-05cb-4619-a384-7228d5c90738","method":"PUT","route":"/functions/v1/api/v1/me/onboarding","status":401,"durationMs":0}
=== matrix:me_onboarding:auth:malformed_json → 401 misclassified_auth_failure
  log {"evt":"api_request","requestId":"f5906257-e611-4bb6-9641-00814700e66d","method":"PUT","route":"/functions/v1/api/v1/me/onboarding","status":401,"durationMs":0}
=== matrix:me_onboarding:auth:wrong_shape → 401 misclassified_auth_failure
  log {"evt":"api_request","requestId":"2f1aadb9-029d-45b3-92bf-eb3e640c0893","method":"PUT","route":"/functions/v1/api/v1/me/onboarding","status":401,"durationMs":0}
=== matrix:me_onboarding:auth:empty_body → 401 misclassified_auth_failure
  log {"evt":"api_request","requestId":"673d5e5d-ea54-4ed7-a39c-d2f3808ec03a","method":"PUT","route":"/functions/v1/api/v1/me/onboarding","status":401,"durationMs":0}
=== matrix:me_onboarding:auth:slow_1500ms → 200 degraded_ok
  log {"evt":"api_request","requestId":"5dc488bc-2b50-45a5-98e5-26f568ff8450","method":"PUT","route":"/functions/v1/api/v1/me/onboarding","status":200,"durationMs":1503}
=== matrix:me_onboarding:auth:hang → TIMEOUT hang_unbounded
=== matrix:me_onboarding:rest:error_500 → 503 pass
  error [api] Your coaching profile: FI_LEAK_8ab53fe7ab92 relation "public.secret_table" does not exist
  log {"evt":"api_request","requestId":"97601c90-94e5-48a4-b0fa-c2b0c3f07d88","method":"PUT","route":"/functions/v1/api/v1/me/onboarding","status":503,"durationMs":1}
=== matrix:me_onboarding:rest:down_503 → 503 pass
  error [api] Your coaching profile: FI_LEAK_9577fd784856 relation "public.secret_table" does not exist
  log {"evt":"api_request","requestId":"50158504-2cb1-4afc-a936-1f130e811d6d","method":"PUT","route":"/functions/v1/api/v1/me/onboarding","status":503,"durationMs":1}
=== matrix:me_onboarding:rest:gateway_502_html → 503 pass
  error [api] Your coaching profile: <html><head><title>502 Bad Gateway</title></head><body>502 Bad Gateway FI_LEAK_70d2b85e4160 upstream connect error</body></html>
  log {"evt":"api_request","requestId":"5f32e523-4447-4b93-a3ca-3aacdea5cd09","method":"PUT","route":"/functions/v1/api/v1/me/onboarding","status":503,"durationMs":1}
=== matrix:me_onboarding:rest:network_error → 503 pass
  error [api] Your coaching profile: TypeError: error sending request for url (http://supabase.fi.test/rest/v1/profiles?id=eq.78df761a-57f8-4b02-a34d-a4824cd7b0d3&select=skill_level%2Chandedness%2Cprimary_goal%2Cbiggest_problem%2Cfocus_checkpoint%2Cfirst_name%2Cgender): client error (Connect): dns error FI_LEAK_fe5d7da262d7
  log {"evt":"api_request","requestId":"7b5cd733-3a6a-41c2-af00-091dbf445972","method":"PUT","route":"/functions/v1/api/v1/me/onboarding","status":503,"durationMs":1}
=== matrix:me_onboarding:rest:malformed_json → 503 pass
  error [api] Your coaching profile: {"FI_LEAK_848d7b1382eb": tru
  log {"evt":"api_request","requestId":"7665cd12-9cee-4e69-ab1c-23a77117b3ff","method":"PUT","route":"/functions/v1/api/v1/me/onboarding","status":503,"durationMs":1}
=== matrix:me_onboarding:rest:wrong_shape → 200 degraded_ok
  log {"evt":"api_request","requestId":"e6dca268-4b88-4393-8146-61e782a41419","method":"PUT","route":"/functions/v1/api/v1/me/onboarding","status":200,"durationMs":1}
=== matrix:me_onboarding:rest:empty_body → 503 pass
  error [api] Your coaching profile: (no detail)
  log {"evt":"api_request","requestId":"d94fbd88-ca87-4871-bc8c-c99f24233288","method":"PUT","route":"/functions/v1/api/v1/me/onboarding","status":503,"durationMs":1}
=== matrix:me_onboarding:rest:hang → TIMEOUT hang_unbounded
=== matrix:me_onboarding:redis:error_500 → 200 degraded_ok
  log {"evt":"api_request","requestId":"a70185f5-c16b-4cbc-9f7e-8326a5143c5b","method":"PUT","route":"/functions/v1/api/v1/me/onboarding","status":200,"durationMs":1}
=== matrix:me_onboarding:redis:unauthorized_401 → 200 degraded_ok
  log {"evt":"api_request","requestId":"259bfee0-ef0d-4db8-95fd-9f10b2992c6e","method":"PUT","route":"/functions/v1/api/v1/me/onboarding","status":200,"durationMs":1}
=== matrix:me_onboarding:redis:network_error → 200 degraded_ok
  log {"evt":"api_request","requestId":"6d09f3e0-a84c-465e-97c3-14be6c3c33b9","method":"PUT","route":"/functions/v1/api/v1/me/onboarding","status":200,"durationMs":1}
=== matrix:me_onboarding:redis:malformed_json → 200 degraded_ok
  log {"evt":"api_request","requestId":"24500d61-2405-44f2-8c56-475ea7d764b7","method":"PUT","route":"/functions/v1/api/v1/me/onboarding","status":200,"durationMs":1}
=== matrix:me_onboarding:redis:wrong_shape → 200 degraded_ok
  log {"evt":"api_request","requestId":"7edd819b-f152-4a73-aafe-62d6fb8d6006","method":"PUT","route":"/functions/v1/api/v1/me/onboarding","status":200,"durationMs":1}
=== matrix:me_onboarding:redis:slow_300ms → 200 degraded_ok
  log {"evt":"api_request","requestId":"bba7ad0a-6434-4c15-9018-9c950846cf0c","method":"PUT","route":"/functions/v1/api/v1/me/onboarding","status":200,"durationMs":1506}
=== matrix:me_onboarding:redis:hang → 200 degraded_ok
  log {"evt":"api_request","requestId":"1abb1fe5-09e4-4a2d-b724-fb97f721b690","method":"PUT","route":"/functions/v1/api/v1/me/onboarding","status":200,"durationMs":6008}
=== matrix:me_access:auth:down_503 → 401 misclassified_auth_failure
  log {"evt":"api_request","requestId":"57f96a5c-da84-48f1-be65-3e94a5b6cbaa","method":"GET","route":"/functions/v1/api/v1/me/access","status":401,"durationMs":1}
=== matrix:me_access:auth:error_500 → 401 misclassified_auth_failure
  log {"evt":"api_request","requestId":"b499e6da-07a3-4e14-8812-42df63618d62","method":"GET","route":"/functions/v1/api/v1/me/access","status":401,"durationMs":1}
=== matrix:me_access:auth:gateway_502_html → 401 misclassified_auth_failure
  log {"evt":"api_request","requestId":"05c15637-c3db-4a92-8eef-d69b776ef8bc","method":"GET","route":"/functions/v1/api/v1/me/access","status":401,"durationMs":1}
=== matrix:me_access:auth:network_error → 401 misclassified_auth_failure
  log {"evt":"api_request","requestId":"36a71829-9ec4-4721-9e9e-a1629634c1d2","method":"GET","route":"/functions/v1/api/v1/me/access","status":401,"durationMs":1}
=== matrix:me_access:auth:malformed_json → 401 misclassified_auth_failure
  log {"evt":"api_request","requestId":"1236af71-bf2b-4b02-8994-bc8dcbaa8660","method":"GET","route":"/functions/v1/api/v1/me/access","status":401,"durationMs":1}
=== matrix:me_access:auth:wrong_shape → 401 misclassified_auth_failure
  log {"evt":"api_request","requestId":"12eb6b78-7592-4fc9-88d9-c17f03533fa3","method":"GET","route":"/functions/v1/api/v1/me/access","status":401,"durationMs":0}
=== matrix:me_access:auth:empty_body → 401 misclassified_auth_failure
  log {"evt":"api_request","requestId":"9ffd41be-6b53-44a7-b9d2-b7d97dbf95d4","method":"GET","route":"/functions/v1/api/v1/me/access","status":401,"durationMs":1}
=== matrix:me_access:auth:slow_1500ms → 200 degraded_ok
  log {"evt":"api_request","requestId":"3d51fa93-f606-4c9e-a67c-35b208643de5","method":"GET","route":"/functions/v1/api/v1/me/access","status":200,"durationMs":1503}
=== matrix:me_access:auth:hang → TIMEOUT hang_unbounded
=== matrix:me_access:rest:error_500 → 503 pass
  error [api] Access state: FI_LEAK_386d8e18e94e relation "public.secret_table" does not exist
  log {"evt":"api_request","requestId":"76f11340-1ea5-4b6a-be9b-43b666818ede","method":"GET","route":"/functions/v1/api/v1/me/access","status":503,"durationMs":1}
=== matrix:me_access:rest:down_503 → 503 pass
  error [api] Access state: FI_LEAK_30ff47223f53 relation "public.secret_table" does not exist
  log {"evt":"api_request","requestId":"2975c16d-6599-473c-9630-3f91a9f5db1e","method":"GET","route":"/functions/v1/api/v1/me/access","status":503,"durationMs":1}
=== matrix:me_access:rest:gateway_502_html → 503 pass
  error [api] Access state: <html><head><title>502 Bad Gateway</title></head><body>502 Bad Gateway FI_LEAK_201010519d32 upstream connect error</body></html>
  log {"evt":"api_request","requestId":"a220d483-6e9b-4604-834f-eb31cab49b9f","method":"GET","route":"/functions/v1/api/v1/me/access","status":503,"durationMs":1}
=== matrix:me_access:rest:network_error → 503 pass
  error [api] Access state: TypeError: error sending request for url (http://supabase.fi.test/rest/v1/rpc/access_state): client error (Connect): dns error FI_LEAK_67465e34ee5f
  log {"evt":"api_request","requestId":"239cf56c-88ac-4d49-a397-eebc994ed367","method":"GET","route":"/functions/v1/api/v1/me/access","status":503,"durationMs":1}
=== matrix:me_access:rest:malformed_json → 503 pass
  error [api] Access state: {"FI_LEAK_59efaa5ca6cd": tru
  log {"evt":"api_request","requestId":"b8d88286-ff5d-4fba-96d7-4ad7efd03fc3","method":"GET","route":"/functions/v1/api/v1/me/access","status":503,"durationMs":1}
=== matrix:me_access:rest:wrong_shape → 503 pass
  error [api] Access state: access_state returned no row
  log {"evt":"api_request","requestId":"39f681fa-4622-47f0-967a-922303f11653","method":"GET","route":"/functions/v1/api/v1/me/access","status":503,"durationMs":1}
=== matrix:me_access:rest:empty_body → 503 pass
  error [api] Access state: access_state returned no row
  log {"evt":"api_request","requestId":"e2287dc1-af9f-49b8-a8e2-6c9bf5e86065","method":"GET","route":"/functions/v1/api/v1/me/access","status":503,"durationMs":1}
=== matrix:me_access:rest:hang → TIMEOUT hang_unbounded
=== matrix:me_access:redis:error_500 → 200 degraded_ok
  log {"evt":"api_request","requestId":"04c8f2b4-1435-4804-8e52-5326d2cc203a","method":"GET","route":"/functions/v1/api/v1/me/access","status":200,"durationMs":1}
=== matrix:me_access:redis:unauthorized_401 → 200 degraded_ok
  log {"evt":"api_request","requestId":"1c74f39e-0c1e-4c70-a8be-cd298b5d5f4f","method":"GET","route":"/functions/v1/api/v1/me/access","status":200,"durationMs":1}
=== matrix:me_access:redis:network_error → 200 degraded_ok
  log {"evt":"api_request","requestId":"afa1ca1e-d370-4300-806d-3050418e78c2","method":"GET","route":"/functions/v1/api/v1/me/access","status":200,"durationMs":1}
=== matrix:me_access:redis:malformed_json → 200 degraded_ok
  log {"evt":"api_request","requestId":"6e967904-44d8-4715-b160-1217340ca166","method":"GET","route":"/functions/v1/api/v1/me/access","status":200,"durationMs":1}
=== matrix:me_access:redis:wrong_shape → 200 degraded_ok
  log {"evt":"api_request","requestId":"1769e906-73ca-4264-8f47-4ef6961a5840","method":"GET","route":"/functions/v1/api/v1/me/access","status":200,"durationMs":0}
=== matrix:me_access:redis:slow_300ms → 200 degraded_ok
  log {"evt":"api_request","requestId":"6ddf2f6e-51a0-40a4-bf43-ef591812fd61","method":"GET","route":"/functions/v1/api/v1/me/access","status":200,"durationMs":1508}
=== matrix:me_access:redis:hang → 200 degraded_ok
  log {"evt":"api_request","requestId":"36823249-c3b4-4b3b-b112-a428d3e206af","method":"GET","route":"/functions/v1/api/v1/me/access","status":200,"durationMs":6008}
=== matrix:billing_sync:auth:down_503 → 401 misclassified_auth_failure
  log {"evt":"api_request","requestId":"96ed0b9e-5ef8-4f4a-a70c-04af154b9da2","method":"POST","route":"/functions/v1/api/v1/billing/sync","status":401,"durationMs":0}
=== matrix:billing_sync:auth:error_500 → 401 misclassified_auth_failure
  log {"evt":"api_request","requestId":"cd4721c4-6029-422b-94fe-b2e81c23ee0c","method":"POST","route":"/functions/v1/api/v1/billing/sync","status":401,"durationMs":0}
=== matrix:billing_sync:auth:gateway_502_html → 401 misclassified_auth_failure
  log {"evt":"api_request","requestId":"f38ddcfb-146a-418a-a7b1-bb34c6b5c8ed","method":"POST","route":"/functions/v1/api/v1/billing/sync","status":401,"durationMs":0}
=== matrix:billing_sync:auth:network_error → 401 misclassified_auth_failure
  log {"evt":"api_request","requestId":"dcdb525b-8d89-427f-856a-52e7b90a020d","method":"POST","route":"/functions/v1/api/v1/billing/sync","status":401,"durationMs":0}
=== matrix:billing_sync:auth:malformed_json → 401 misclassified_auth_failure
  log {"evt":"api_request","requestId":"e0573daa-ff96-4353-9127-7c7022a6961b","method":"POST","route":"/functions/v1/api/v1/billing/sync","status":401,"durationMs":0}
=== matrix:billing_sync:auth:wrong_shape → 401 misclassified_auth_failure
  log {"evt":"api_request","requestId":"87429869-cf98-4ddc-aebd-e43f74e548b1","method":"POST","route":"/functions/v1/api/v1/billing/sync","status":401,"durationMs":0}
=== matrix:billing_sync:auth:empty_body → 401 misclassified_auth_failure
  log {"evt":"api_request","requestId":"469d0319-c0bf-4dbb-8f90-fc5fd2032629","method":"POST","route":"/functions/v1/api/v1/billing/sync","status":401,"durationMs":0}
=== matrix:billing_sync:auth:slow_1500ms → 200 degraded_ok
  log {"evt":"api_request","requestId":"79983176-4a3f-436b-b231-f4f47cf67603","method":"POST","route":"/functions/v1/api/v1/billing/sync","status":200,"durationMs":1502}
=== matrix:billing_sync:auth:hang → TIMEOUT hang_unbounded
=== matrix:billing_sync:rest:error_500 → 503 pass
  error [api] Billing verification: FI_LEAK_777d6ffd453b relation "public.secret_table" does not exist
  log {"evt":"api_request","requestId":"a2b8fd2d-734f-4c03-9322-508a7d0c756f","method":"POST","route":"/functions/v1/api/v1/billing/sync","status":503,"durationMs":1}
=== matrix:billing_sync:rest:down_503 → 503 pass
  error [api] Billing verification: FI_LEAK_f5ac2cd037bd relation "public.secret_table" does not exist
  log {"evt":"api_request","requestId":"6974dc08-2638-44ef-be78-773ed121d6c1","method":"POST","route":"/functions/v1/api/v1/billing/sync","status":503,"durationMs":1}
=== matrix:billing_sync:rest:gateway_502_html → 503 pass
  error [api] Billing verification: <html><head><title>502 Bad Gateway</title></head><body>502 Bad Gateway FI_LEAK_3aab93ac4f2d upstream connect error</body></html>
  log {"evt":"api_request","requestId":"5b70c15a-7855-48ac-a941-2f4c1b989ab1","method":"POST","route":"/functions/v1/api/v1/billing/sync","status":503,"durationMs":1}
=== matrix:billing_sync:rest:network_error → 503 pass
  error [api] Billing verification: TypeError: error sending request for url (http://supabase.fi.test/rest/v1/billing_entitlements?on_conflict=user_id): client error (Connect): dns error FI_LEAK_d830751ee030
  log {"evt":"api_request","requestId":"7c69b29b-1f36-4336-aa3d-bd9efe4a97f0","method":"POST","route":"/functions/v1/api/v1/billing/sync","status":503,"durationMs":1}
=== matrix:billing_sync:rest:malformed_json → 503 pass
  error [api] Billing verification: {"FI_LEAK_05b48515b5c5": tru
  log {"evt":"api_request","requestId":"266fef15-b1a0-4358-be96-d8c06e21d05f","method":"POST","route":"/functions/v1/api/v1/billing/sync","status":503,"durationMs":1}
=== matrix:billing_sync:rest:wrong_shape → 503 pass
  error [api] Access state: access_state returned no row
  log {"evt":"api_request","requestId":"c4f4f932-2a37-466c-a319-4dd5122be589","method":"POST","route":"/functions/v1/api/v1/billing/sync","status":503,"durationMs":1}
=== matrix:billing_sync:rest:empty_body → 503 pass
  error [api] Access state: access_state returned no row
  log {"evt":"api_request","requestId":"fcfa248e-646c-4bc0-9806-97ce4c492e77","method":"POST","route":"/functions/v1/api/v1/billing/sync","status":503,"durationMs":1}
=== matrix:billing_sync:rest:hang → TIMEOUT hang_unbounded
=== matrix:billing_sync:redis:error_500 → 200 degraded_ok
  log {"evt":"api_request","requestId":"5d048adc-dcae-45fa-a4f1-b921fcafcf0e","method":"POST","route":"/functions/v1/api/v1/billing/sync","status":200,"durationMs":1}
=== matrix:billing_sync:redis:unauthorized_401 → 200 degraded_ok
  log {"evt":"api_request","requestId":"a42cd15a-b6a4-44b2-a9cc-8c97db7d4422","method":"POST","route":"/functions/v1/api/v1/billing/sync","status":200,"durationMs":1}
=== matrix:billing_sync:redis:network_error → 200 degraded_ok
  log {"evt":"api_request","requestId":"92e1f281-1ddb-41b6-a9dc-9db3e0aa7f5f","method":"POST","route":"/functions/v1/api/v1/billing/sync","status":200,"durationMs":1}
=== matrix:billing_sync:redis:malformed_json → 200 degraded_ok
  log {"evt":"api_request","requestId":"7b453a04-c9a1-45b4-bafb-d2f36692c635","method":"POST","route":"/functions/v1/api/v1/billing/sync","status":200,"durationMs":1}
=== matrix:billing_sync:redis:wrong_shape → 200 degraded_ok
  log {"evt":"api_request","requestId":"53701c2f-edf1-474e-b649-80d1b18fa8ab","method":"POST","route":"/functions/v1/api/v1/billing/sync","status":200,"durationMs":1}
=== matrix:billing_sync:redis:slow_300ms → 200 degraded_ok
  log {"evt":"api_request","requestId":"80970f90-4a39-4422-bb71-1c3e24683ba4","method":"POST","route":"/functions/v1/api/v1/billing/sync","status":200,"durationMs":1508}
=== matrix:billing_sync:redis:hang → 200 degraded_ok
  log {"evt":"api_request","requestId":"34509502-7ab8-467b-a068-7c6df3f49f34","method":"POST","route":"/functions/v1/api/v1/billing/sync","status":200,"durationMs":6008}
=== matrix:billing_sync:revenuecat:error_500 → 502 pass
  log {"evt":"api_request","requestId":"a1cb0cd1-822e-4f92-954d-9d4e6dfd8b90","method":"POST","route":"/functions/v1/api/v1/billing/sync","status":502,"durationMs":1,"code":"billing_unavailable"}
=== matrix:billing_sync:revenuecat:gateway_502_html → 502 pass
  log {"evt":"api_request","requestId":"76ddd2fa-115f-4fc0-a676-1fa1d0d88c65","method":"POST","route":"/functions/v1/api/v1/billing/sync","status":502,"durationMs":1,"code":"billing_unavailable"}
=== matrix:billing_sync:revenuecat:network_error → 502 pass
  log {"evt":"api_request","requestId":"6a63dd35-09ae-4557-920e-9f2bb95c8e8a","method":"POST","route":"/functions/v1/api/v1/billing/sync","status":502,"durationMs":1,"code":"billing_unavailable"}
=== matrix:billing_sync:revenuecat:malformed_json → 502 pass
  log {"evt":"api_request","requestId":"075a232c-c019-487d-901f-a78e3c7a26f1","method":"POST","route":"/functions/v1/api/v1/billing/sync","status":502,"durationMs":1,"code":"billing_unavailable"}
=== matrix:billing_sync:revenuecat:wrong_shape → 502 pass
  log {"evt":"api_request","requestId":"faca13fa-5897-445a-9412-adaeaae85b43","method":"POST","route":"/functions/v1/api/v1/billing/sync","status":502,"durationMs":1,"code":"billing_unavailable"}
=== matrix:billing_sync:revenuecat:empty_body → 502 pass
  log {"evt":"api_request","requestId":"1b72f311-d2ee-47e3-b5f9-ffffc940506e","method":"POST","route":"/functions/v1/api/v1/billing/sync","status":502,"durationMs":1,"code":"billing_unavailable"}
=== matrix:billing_sync:revenuecat:slow_2000ms → 200 degraded_ok
  log {"evt":"api_request","requestId":"bd1cdeec-ae9c-4efc-a731-22380171bc19","method":"POST","route":"/functions/v1/api/v1/billing/sync","status":200,"durationMs":2001}
=== matrix:billing_sync:revenuecat:hang → 502 pass
  log {"evt":"api_request","requestId":"ae82c7d7-ab05-4ae9-b7f9-c34c5d129152","method":"POST","route":"/functions/v1/api/v1/billing/sync","status":502,"durationMs":10001,"code":"billing_unavailable"}
=== matrix:analysis_permits_reserve:auth:down_503 → 401 misclassified_auth_failure
  log {"evt":"api_request","requestId":"b63f809a-e767-4eeb-8a6b-41f81f5fb42a","method":"POST","route":"/functions/v1/api/v1/analysis-permits","status":401,"durationMs":1}
=== matrix:analysis_permits_reserve:auth:error_500 → 401 misclassified_auth_failure
  log {"evt":"api_request","requestId":"749e06d1-9c68-46c3-aac4-2ed2060428e0","method":"POST","route":"/functions/v1/api/v1/analysis-permits","status":401,"durationMs":0}
=== matrix:analysis_permits_reserve:auth:gateway_502_html → 401 misclassified_auth_failure
  log {"evt":"api_request","requestId":"494647f2-ecf9-4432-8b9e-de636dccf667","method":"POST","route":"/functions/v1/api/v1/analysis-permits","status":401,"durationMs":0}
=== matrix:analysis_permits_reserve:auth:network_error → 401 misclassified_auth_failure
  log {"evt":"api_request","requestId":"9f295dea-eb34-4ed9-90bd-65a995376916","method":"POST","route":"/functions/v1/api/v1/analysis-permits","status":401,"durationMs":0}
=== matrix:analysis_permits_reserve:auth:malformed_json → 401 misclassified_auth_failure
  log {"evt":"api_request","requestId":"72db0ddf-69f6-4d85-bede-3b666ef529fd","method":"POST","route":"/functions/v1/api/v1/analysis-permits","status":401,"durationMs":0}
=== matrix:analysis_permits_reserve:auth:wrong_shape → 401 misclassified_auth_failure
  log {"evt":"api_request","requestId":"0f6659c1-5438-4e85-9347-8cc785bd3baf","method":"POST","route":"/functions/v1/api/v1/analysis-permits","status":401,"durationMs":0}
=== matrix:analysis_permits_reserve:auth:empty_body → 401 misclassified_auth_failure
  log {"evt":"api_request","requestId":"4de3eb11-5bf0-4323-8707-996f830fa73b","method":"POST","route":"/functions/v1/api/v1/analysis-permits","status":401,"durationMs":0}
=== matrix:analysis_permits_reserve:auth:slow_1500ms → 200 degraded_ok
  log {"evt":"api_request","requestId":"2993edb5-aa16-4ae6-93c1-1ed90a3e5a96","method":"POST","route":"/functions/v1/api/v1/analysis-permits","status":200,"durationMs":1501}
=== matrix:analysis_permits_reserve:auth:hang → TIMEOUT hang_unbounded
=== matrix:analysis_permits_reserve:rest:error_500 → 503 pass
  error [api] Rating reservation: FI_LEAK_a372a7895e5c relation "public.secret_table" does not exist
  log {"evt":"api_request","requestId":"a6e7af79-e562-4f58-9285-3cbed177a696","method":"POST","route":"/functions/v1/api/v1/analysis-permits","status":503,"durationMs":1}
=== matrix:analysis_permits_reserve:rest:down_503 → 503 pass
  error [api] Rating reservation: FI_LEAK_75f37becb55e relation "public.secret_table" does not exist
  log {"evt":"api_request","requestId":"28bac0ae-07c0-47b4-b7f9-f678957ca1dd","method":"POST","route":"/functions/v1/api/v1/analysis-permits","status":503,"durationMs":1}
=== matrix:analysis_permits_reserve:rest:gateway_502_html → 503 pass
  error [api] Rating reservation: <html><head><title>502 Bad Gateway</title></head><body>502 Bad Gateway FI_LEAK_ec41f93487b5 upstream connect error</body></html>
  log {"evt":"api_request","requestId":"1dc7ff22-6296-4168-8b91-f451e58ed816","method":"POST","route":"/functions/v1/api/v1/analysis-permits","status":503,"durationMs":1}
=== matrix:analysis_permits_reserve:rest:network_error → 503 pass
  error [api] Rating reservation: TypeError: error sending request for url (http://supabase.fi.test/rest/v1/rpc/reserve_analysis_permit): client error (Connect): dns error FI_LEAK_57b319114750
  log {"evt":"api_request","requestId":"b7b3fa24-b234-44fd-89df-da309835b60b","method":"POST","route":"/functions/v1/api/v1/analysis-permits","status":503,"durationMs":1}
=== matrix:analysis_permits_reserve:rest:malformed_json → 503 pass
  error [api] Rating reservation: {"FI_LEAK_74799e0c168b": tru
  log {"evt":"api_request","requestId":"4e8b879a-30f8-457a-b04e-cb30bdd908e9","method":"POST","route":"/functions/v1/api/v1/analysis-permits","status":503,"durationMs":1}
=== matrix:analysis_permits_reserve:rest:wrong_shape → 503 pass
  error [api] Rating reservation: (no detail)
  log {"evt":"api_request","requestId":"12f384d4-894e-470d-b872-e7882f16929f","method":"POST","route":"/functions/v1/api/v1/analysis-permits","status":503,"durationMs":0}
=== matrix:analysis_permits_reserve:rest:empty_body → 503 pass
  error [api] Rating reservation: reserve_analysis_permit returned no row
  log {"evt":"api_request","requestId":"8d7176f7-f32c-4a55-bc21-94ca9076b1fb","method":"POST","route":"/functions/v1/api/v1/analysis-permits","status":503,"durationMs":1}
=== matrix:analysis_permits_reserve:rest:hang → TIMEOUT hang_unbounded
=== matrix:analysis_permits_reserve:redis:error_500 → 200 degraded_ok
  log {"evt":"api_request","requestId":"e38f4692-dc5e-403d-a2ca-1decb3e1802a","method":"POST","route":"/functions/v1/api/v1/analysis-permits","status":200,"durationMs":1}
=== matrix:analysis_permits_reserve:redis:unauthorized_401 → 200 degraded_ok
  log {"evt":"api_request","requestId":"a655957c-e033-48d7-9054-d97e02ade8b0","method":"POST","route":"/functions/v1/api/v1/analysis-permits","status":200,"durationMs":1}
=== matrix:analysis_permits_reserve:redis:network_error → 200 degraded_ok
  log {"evt":"api_request","requestId":"a7ed8915-fdb2-4a52-9243-a510960fc31b","method":"POST","route":"/functions/v1/api/v1/analysis-permits","status":200,"durationMs":1}
=== matrix:analysis_permits_reserve:redis:malformed_json → 200 degraded_ok
  log {"evt":"api_request","requestId":"7ce636b2-1ec5-44a3-87e6-34d404d776c6","method":"POST","route":"/functions/v1/api/v1/analysis-permits","status":200,"durationMs":1}
=== matrix:analysis_permits_reserve:redis:wrong_shape → 200 degraded_ok
  log {"evt":"api_request","requestId":"bc977567-3544-4c8a-86fd-1e5487aa7460","method":"POST","route":"/functions/v1/api/v1/analysis-permits","status":200,"durationMs":1}
=== matrix:analysis_permits_reserve:redis:slow_300ms → 200 degraded_ok
  log {"evt":"api_request","requestId":"d51dcd21-0657-4815-ba81-85966cb03dc1","method":"POST","route":"/functions/v1/api/v1/analysis-permits","status":200,"durationMs":1509}
=== matrix:analysis_permits_reserve:redis:hang → 200 degraded_ok
  log {"evt":"api_request","requestId":"b80bc785-b290-4b1d-aafd-4080a7860325","method":"POST","route":"/functions/v1/api/v1/analysis-permits","status":200,"durationMs":6013}
=== matrix:analysis_permits_finalize:auth:down_503 → 401 misclassified_auth_failure
  log {"evt":"api_request","requestId":"be51e749-f97e-4dff-a56c-876e0e3a187f","method":"POST","route":"/functions/v1/api/v1/analysis-permits/:id/finalize","status":401,"durationMs":0}
=== matrix:analysis_permits_finalize:auth:error_500 → 401 misclassified_auth_failure
  log {"evt":"api_request","requestId":"6cf9a78f-7980-41e1-b7fe-d889a7225b24","method":"POST","route":"/functions/v1/api/v1/analysis-permits/:id/finalize","status":401,"durationMs":0}
=== matrix:analysis_permits_finalize:auth:gateway_502_html → 401 misclassified_auth_failure
  log {"evt":"api_request","requestId":"df0e7ec3-5a7b-4802-8ea1-3d16c2053837","method":"POST","route":"/functions/v1/api/v1/analysis-permits/:id/finalize","status":401,"durationMs":1}
=== matrix:analysis_permits_finalize:auth:network_error → 401 misclassified_auth_failure
  log {"evt":"api_request","requestId":"753bdb56-fee7-4773-80ed-00c8562cf94e","method":"POST","route":"/functions/v1/api/v1/analysis-permits/:id/finalize","status":401,"durationMs":0}
=== matrix:analysis_permits_finalize:auth:malformed_json → 401 misclassified_auth_failure
  log {"evt":"api_request","requestId":"4c6da927-8ea1-454b-bc1d-8a29805b721a","method":"POST","route":"/functions/v1/api/v1/analysis-permits/:id/finalize","status":401,"durationMs":0}
=== matrix:analysis_permits_finalize:auth:wrong_shape → 401 misclassified_auth_failure
  log {"evt":"api_request","requestId":"7b44da9a-29dd-41fb-8272-ba167621c43f","method":"POST","route":"/functions/v1/api/v1/analysis-permits/:id/finalize","status":401,"durationMs":0}
=== matrix:analysis_permits_finalize:auth:empty_body → 401 misclassified_auth_failure
  log {"evt":"api_request","requestId":"ca85e7d7-af62-4c9b-af0c-8a776df136e5","method":"POST","route":"/functions/v1/api/v1/analysis-permits/:id/finalize","status":401,"durationMs":0}
=== matrix:analysis_permits_finalize:auth:slow_1500ms → 200 degraded_ok
  log {"evt":"api_request","requestId":"a4ff1447-0cfd-43c6-9d2e-7ec3643483a6","method":"POST","route":"/functions/v1/api/v1/analysis-permits/:id/finalize","status":200,"durationMs":1503}
=== matrix:analysis_permits_finalize:auth:hang → TIMEOUT hang_unbounded
=== matrix:analysis_permits_finalize:rest:error_500 → 503 pass
  error [api] Rating finalize: FI_LEAK_f461c99d7f56 relation "public.secret_table" does not exist
  log {"evt":"api_request","requestId":"25eaf430-634f-4353-9848-5b836a9ab22f","method":"POST","route":"/functions/v1/api/v1/analysis-permits/:id/finalize","status":503,"durationMs":1}
=== matrix:analysis_permits_finalize:rest:down_503 → 503 pass
  error [api] Rating finalize: FI_LEAK_e29bdcfd8b82 relation "public.secret_table" does not exist
  log {"evt":"api_request","requestId":"438174f9-91e0-41c4-b49d-82578d4139a5","method":"POST","route":"/functions/v1/api/v1/analysis-permits/:id/finalize","status":503,"durationMs":7006}
=== matrix:analysis_permits_finalize:rest:gateway_502_html → 503 pass
  error [api] Rating finalize: <html><head><title>502 Bad Gateway</title></head><body>502 Bad Gateway FI_LEAK_a0ea5bdfc7c7 upstream connect error</body></html>
  log {"evt":"api_request","requestId":"e19aa705-c967-486f-8c96-9820ddeb1376","method":"POST","route":"/functions/v1/api/v1/analysis-permits/:id/finalize","status":503,"durationMs":1}
=== matrix:analysis_permits_finalize:rest:network_error → 503 pass
  error [api] Rating finalize: TypeError: error sending request for url (http://supabase.fi.test/rest/v1/analysis_permits?select=id%2Cstatus%2Coutcome%2Ccreated_at&id=eq.6ac25f3e-12da-425c-962e-d9ca4075a30f&user_id=eq.b1de4618-1472-4420-8745-befa5bb349ec): client error (Connect): dns error FI_LEAK_32b416f2138e
  log {"evt":"api_request","requestId":"67606bb0-6730-4ba7-94b4-60e3d525322c","method":"POST","route":"/functions/v1/api/v1/analysis-permits/:id/finalize","status":503,"durationMs":7006}
=== matrix:analysis_permits_finalize:rest:malformed_json → 503 pass
  error [api] Rating finalize: {"FI_LEAK_1b873005a101": tru
  log {"evt":"api_request","requestId":"7aab7144-709c-43a3-904d-37e66e73431b","method":"POST","route":"/functions/v1/api/v1/analysis-permits/:id/finalize","status":503,"durationMs":1}
=== matrix:analysis_permits_finalize:rest:wrong_shape → 409 degraded_ok
  log {"evt":"api_request","requestId":"b0c9ebdd-5dd3-4214-82d8-36abeda3e31d","method":"POST","route":"/functions/v1/api/v1/analysis-permits/:id/finalize","status":409,"durationMs":1,"code":"access.permit_already_finalized"}
=== matrix:analysis_permits_finalize:rest:empty_body → 404 degraded_ok
  log {"evt":"api_request","requestId":"056a4ac6-73b6-46c6-b940-c222aa713f72","method":"POST","route":"/functions/v1/api/v1/analysis-permits/:id/finalize","status":404,"durationMs":1,"code":"access.permit_not_found"}
=== matrix:analysis_permits_finalize:rest:hang → TIMEOUT hang_unbounded
=== matrix:analysis_permits_finalize:redis:error_500 → 200 degraded_ok
  log {"evt":"api_request","requestId":"dca7c1cd-7934-4f06-9d26-e5b618743a7b","method":"POST","route":"/functions/v1/api/v1/analysis-permits/:id/finalize","status":200,"durationMs":1}
=== matrix:analysis_permits_finalize:redis:unauthorized_401 → 200 degraded_ok
  log {"evt":"api_request","requestId":"7040c32b-f9b5-43bc-95bd-a0b5592be6b8","method":"POST","route":"/functions/v1/api/v1/analysis-permits/:id/finalize","status":200,"durationMs":1}
=== matrix:analysis_permits_finalize:redis:network_error → 200 degraded_ok
  log {"evt":"api_request","requestId":"cf5e0817-c9e6-443e-a5a1-6abab9fbf803","method":"POST","route":"/functions/v1/api/v1/analysis-permits/:id/finalize","status":200,"durationMs":1}
=== matrix:analysis_permits_finalize:redis:malformed_json → 200 degraded_ok
  log {"evt":"api_request","requestId":"bc5b7633-3538-4bb5-bcb1-70a47c3dcba0","method":"POST","route":"/functions/v1/api/v1/analysis-permits/:id/finalize","status":200,"durationMs":1}
=== matrix:analysis_permits_finalize:redis:wrong_shape → 200 degraded_ok
  log {"evt":"api_request","requestId":"7550bec3-7160-4f70-8f59-f991c7afe16b","method":"POST","route":"/functions/v1/api/v1/analysis-permits/:id/finalize","status":200,"durationMs":1}
=== matrix:analysis_permits_finalize:redis:slow_300ms → 200 degraded_ok
  log {"evt":"api_request","requestId":"1ceadeed-7a18-4d41-a5c1-761c598889e1","method":"POST","route":"/functions/v1/api/v1/analysis-permits/:id/finalize","status":200,"durationMs":1507}
=== matrix:analysis_permits_finalize:redis:hang → 200 degraded_ok
  log {"evt":"api_request","requestId":"8e996489-362f-400c-ad0e-3f75d096b45e","method":"POST","route":"/functions/v1/api/v1/analysis-permits/:id/finalize","status":200,"durationMs":6009}
=== matrix:shots_sync:auth:down_503 → 401 misclassified_auth_failure
  log {"evt":"api_request","requestId":"27fbe6be-ef1f-4ba7-8547-06a4a74ba0f3","method":"POST","route":"/functions/v1/api/v1/shots:sync","status":401,"durationMs":1}
=== matrix:shots_sync:auth:error_500 → 401 misclassified_auth_failure
  log {"evt":"api_request","requestId":"b3c77298-a8c7-4bcf-ae50-ef4dfd31b175","method":"POST","route":"/functions/v1/api/v1/shots:sync","status":401,"durationMs":1}
=== matrix:shots_sync:auth:gateway_502_html → 401 misclassified_auth_failure
  log {"evt":"api_request","requestId":"8fc97885-2492-4846-91f5-4f482fe6b8ad","method":"POST","route":"/functions/v1/api/v1/shots:sync","status":401,"durationMs":0}
=== matrix:shots_sync:auth:network_error → 401 misclassified_auth_failure
  log {"evt":"api_request","requestId":"4017ba51-89f4-4733-b411-62ee20f422a1","method":"POST","route":"/functions/v1/api/v1/shots:sync","status":401,"durationMs":0}
=== matrix:shots_sync:auth:malformed_json → 401 misclassified_auth_failure
  log {"evt":"api_request","requestId":"8fd3f6f1-10e4-4b7b-b8ba-b473eb9bc39e","method":"POST","route":"/functions/v1/api/v1/shots:sync","status":401,"durationMs":0}
=== matrix:shots_sync:auth:wrong_shape → 401 misclassified_auth_failure
  log {"evt":"api_request","requestId":"53527405-a166-46d8-a02e-8623178551c6","method":"POST","route":"/functions/v1/api/v1/shots:sync","status":401,"durationMs":0}
=== matrix:shots_sync:auth:empty_body → 401 misclassified_auth_failure
  log {"evt":"api_request","requestId":"6e6541d5-6788-402b-a0c8-b812481af974","method":"POST","route":"/functions/v1/api/v1/shots:sync","status":401,"durationMs":0}
=== matrix:shots_sync:auth:slow_1500ms → 200 degraded_ok
  log {"evt":"api_request","requestId":"d11d3877-2485-436a-83e1-7603389c50c6","method":"POST","route":"/functions/v1/api/v1/shots:sync","status":200,"durationMs":1502}
=== matrix:shots_sync:auth:hang → TIMEOUT hang_unbounded
=== matrix:shots_sync:rest:error_500 → 503 pass
  error [api] Shot sync: FI_LEAK_b555778ccd77 relation "public.secret_table" does not exist
  log {"evt":"api_request","requestId":"c9b34c22-195f-4e97-97a8-b1895b24f441","method":"POST","route":"/functions/v1/api/v1/shots:sync","status":503,"durationMs":1}
=== matrix:shots_sync:rest:down_503 → 503 pass
  error [api] Shot sync: FI_LEAK_51e44d45debe relation "public.secret_table" does not exist
  log {"evt":"api_request","requestId":"1dbd082d-2f26-4223-b529-6c9c1ec42bdc","method":"POST","route":"/functions/v1/api/v1/shots:sync","status":503,"durationMs":7006}
=== matrix:shots_sync:rest:gateway_502_html → 503 pass
  error [api] Shot sync: <html><head><title>502 Bad Gateway</title></head><body>502 Bad Gateway FI_LEAK_3fc36425639b upstream connect error</body></html>
  log {"evt":"api_request","requestId":"612d2512-88f6-4304-aa74-c735a14c6781","method":"POST","route":"/functions/v1/api/v1/shots:sync","status":503,"durationMs":1}
=== matrix:shots_sync:rest:network_error → 503 pass
  error [api] Shot sync: TypeError: error sending request for url (http://supabase.fi.test/rest/v1/shots?select=id&user_id=eq.9efdcb2b-d085-4745-be89-735bce2e5921&id=in.%28474fa34d-7f92-4948-985b-adb1734911e5%29): client error (Connect): dns error FI_LEAK_94c3cf0d09a1
  log {"evt":"api_request","requestId":"e3e26537-ad57-43ef-bf2a-db7bc111a316","method":"POST","route":"/functions/v1/api/v1/shots:sync","status":503,"durationMs":7011}
=== matrix:shots_sync:rest:malformed_json → 503 pass
  error [api] Shot sync: {"FI_LEAK_0214b00fb6b3": tru
  log {"evt":"api_request","requestId":"4a5a4096-388c-4efb-9b36-640730d70cea","method":"POST","route":"/functions/v1/api/v1/shots:sync","status":503,"durationMs":1}
=== matrix:shots_sync:rest:wrong_shape → 500 unhandled_500
  error [api] unhandled error (785704e4-fe35-4ba7-937b-9b0cfbfb6b59): TypeError: (existing.data ?? []).map is not a function
  log {"evt":"api_request","requestId":"785704e4-fe35-4ba7-937b-9b0cfbfb6b59","method":"POST","route":"/functions/v1/api/v1/shots:sync","status":500,"durationMs":1}
=== matrix:shots_sync:rest:empty_body → 200 degraded_ok
  error [api] shot sync write failed: 
  log {"evt":"api_request","requestId":"d2e6e677-8f90-43ea-8ab0-5dfbbb233cf1","method":"POST","route":"/functions/v1/api/v1/shots:sync","status":200,"durationMs":1}
=== matrix:shots_sync:rest:hang → TIMEOUT hang_unbounded
=== matrix:shots_sync:redis:error_500 → 200 degraded_ok
  log {"evt":"api_request","requestId":"b8ad42e4-a75d-47a8-baaa-239c0ff9f205","method":"POST","route":"/functions/v1/api/v1/shots:sync","status":200,"durationMs":1}
=== matrix:shots_sync:redis:unauthorized_401 → 200 degraded_ok
  log {"evt":"api_request","requestId":"6156339d-a7d5-408b-9708-87c73b2890b1","method":"POST","route":"/functions/v1/api/v1/shots:sync","status":200,"durationMs":1}
=== matrix:shots_sync:redis:network_error → 200 degraded_ok
  log {"evt":"api_request","requestId":"708abefa-5809-4163-be7b-279fdb9df58d","method":"POST","route":"/functions/v1/api/v1/shots:sync","status":200,"durationMs":1}
=== matrix:shots_sync:redis:malformed_json → 200 degraded_ok
  log {"evt":"api_request","requestId":"8a0220b3-895c-45af-8a09-4f202709394c","method":"POST","route":"/functions/v1/api/v1/shots:sync","status":200,"durationMs":1}
=== matrix:shots_sync:redis:wrong_shape → 200 degraded_ok
  log {"evt":"api_request","requestId":"3ad539cb-74bd-41e2-a538-62babaf85fbc","method":"POST","route":"/functions/v1/api/v1/shots:sync","status":200,"durationMs":1}
=== matrix:shots_sync:redis:slow_300ms → 200 degraded_ok
  log {"evt":"api_request","requestId":"ba6c02ca-58f2-4360-8017-7e8989977c18","method":"POST","route":"/functions/v1/api/v1/shots:sync","status":200,"durationMs":1809}
=== matrix:shots_sync:redis:hang → 200 degraded_ok
  log {"evt":"api_request","requestId":"8428da16-8350-4b54-aaed-bb5c661a8783","method":"POST","route":"/functions/v1/api/v1/shots:sync","status":200,"durationMs":7210}
=== matrix:sessions_create:auth:down_503 → 401 misclassified_auth_failure
  log {"evt":"api_request","requestId":"fae9fff4-8ed8-4e0a-84d5-c72cdfd7a7a4","method":"POST","route":"/functions/v1/api/v1/sessions","status":401,"durationMs":1}
=== matrix:sessions_create:auth:error_500 → 401 misclassified_auth_failure
  log {"evt":"api_request","requestId":"304b41a4-8af6-4417-ac7c-562827661a4f","method":"POST","route":"/functions/v1/api/v1/sessions","status":401,"durationMs":1}
=== matrix:sessions_create:auth:gateway_502_html → 401 misclassified_auth_failure
  log {"evt":"api_request","requestId":"82d80997-1674-4362-8599-dfb2ec1e3b6b","method":"POST","route":"/functions/v1/api/v1/sessions","status":401,"durationMs":1}
=== matrix:sessions_create:auth:network_error → 401 misclassified_auth_failure
  log {"evt":"api_request","requestId":"44c5b23e-3dec-4502-a122-0f47f3a95c28","method":"POST","route":"/functions/v1/api/v1/sessions","status":401,"durationMs":0}
=== matrix:sessions_create:auth:malformed_json → 401 misclassified_auth_failure
  log {"evt":"api_request","requestId":"ad056d83-6fee-4b7d-94ec-6bc2548a0258","method":"POST","route":"/functions/v1/api/v1/sessions","status":401,"durationMs":0}
=== matrix:sessions_create:auth:wrong_shape → 401 misclassified_auth_failure
  log {"evt":"api_request","requestId":"f9e36130-7da3-48e9-b9b4-029039231c0a","method":"POST","route":"/functions/v1/api/v1/sessions","status":401,"durationMs":1}
=== matrix:sessions_create:auth:empty_body → 401 misclassified_auth_failure
  log {"evt":"api_request","requestId":"7b48b583-efdf-4fb9-b953-f16acdb36f69","method":"POST","route":"/functions/v1/api/v1/sessions","status":401,"durationMs":1}
=== matrix:sessions_create:auth:slow_1500ms → 200 degraded_ok
  log {"evt":"api_request","requestId":"56d2302c-2e0c-4939-b23a-16021fd0ea03","method":"POST","route":"/functions/v1/api/v1/sessions","status":200,"durationMs":1503}
=== matrix:sessions_create:auth:hang → TIMEOUT hang_unbounded
=== matrix:sessions_create:rest:error_500 → 503 pass
  error [api] Session sync: FI_LEAK_2ae51c7f5a75 relation "public.secret_table" does not exist
  log {"evt":"api_request","requestId":"7d1ef961-bf2e-4531-aeae-d25021401b18","method":"POST","route":"/functions/v1/api/v1/sessions","status":503,"durationMs":1}
=== matrix:sessions_create:rest:down_503 → 503 pass
  error [api] Session sync: FI_LEAK_3170f6427f47 relation "public.secret_table" does not exist
  log {"evt":"api_request","requestId":"c6784c02-fdfb-4835-8c0e-97864d567090","method":"POST","route":"/functions/v1/api/v1/sessions","status":503,"durationMs":1}
=== matrix:sessions_create:rest:gateway_502_html → 503 pass
  error [api] Session sync: <html><head><title>502 Bad Gateway</title></head><body>502 Bad Gateway FI_LEAK_1ab158a993f1 upstream connect error</body></html>
  log {"evt":"api_request","requestId":"6318e345-15e6-42cd-aef1-d8bfdef1a37e","method":"POST","route":"/functions/v1/api/v1/sessions","status":503,"durationMs":1}
=== matrix:sessions_create:rest:network_error → 503 pass
  error [api] Session sync: TypeError: error sending request for url (http://supabase.fi.test/rest/v1/sessions?on_conflict=id): client error (Connect): dns error FI_LEAK_0a634dd4d5dd
  log {"evt":"api_request","requestId":"3d87f07b-c5ed-4ee5-b493-1292c2abdc6c","method":"POST","route":"/functions/v1/api/v1/sessions","status":503,"durationMs":1}
=== matrix:sessions_create:rest:malformed_json → 503 pass
  error [api] Session sync: {"FI_LEAK_ebb96851e4b2": tru
  log {"evt":"api_request","requestId":"230c4217-4ebe-49cd-a57f-a27be1758b72","method":"POST","route":"/functions/v1/api/v1/sessions","status":503,"durationMs":1}
=== matrix:sessions_create:rest:wrong_shape → 200 degraded_ok
  log {"evt":"api_request","requestId":"e07bb83d-8a09-4e86-8994-2a29f7e49ad7","method":"POST","route":"/functions/v1/api/v1/sessions","status":200,"durationMs":1}
=== matrix:sessions_create:rest:empty_body → 409 degraded_ok
  log {"evt":"api_request","requestId":"a0e1c707-de5e-4291-9224-8a98ec00f5e4","method":"POST","route":"/functions/v1/api/v1/sessions","status":409,"durationMs":1,"code":"session.id_conflict"}
=== matrix:sessions_create:rest:hang → TIMEOUT hang_unbounded
=== matrix:sessions_create:redis:error_500 → 200 degraded_ok
  log {"evt":"api_request","requestId":"a37b0e16-8b2e-480a-a0fb-35191cc3d58c","method":"POST","route":"/functions/v1/api/v1/sessions","status":200,"durationMs":1}
=== matrix:sessions_create:redis:unauthorized_401 → 200 degraded_ok
  log {"evt":"api_request","requestId":"20585e2e-ccf7-4651-be62-a236faf7ae6b","method":"POST","route":"/functions/v1/api/v1/sessions","status":200,"durationMs":1}
=== matrix:sessions_create:redis:network_error → 200 degraded_ok
  log {"evt":"api_request","requestId":"66ce57db-5ca6-47af-ba23-92fdc693fefb","method":"POST","route":"/functions/v1/api/v1/sessions","status":200,"durationMs":1}
=== matrix:sessions_create:redis:malformed_json → 200 degraded_ok
  log {"evt":"api_request","requestId":"b90df870-7717-4bf7-be99-a4ca324d6944","method":"POST","route":"/functions/v1/api/v1/sessions","status":200,"durationMs":1}
=== matrix:sessions_create:redis:wrong_shape → 200 degraded_ok
  log {"evt":"api_request","requestId":"ffc15851-00ab-429e-a1dd-ea08253ec619","method":"POST","route":"/functions/v1/api/v1/sessions","status":200,"durationMs":1}
=== matrix:sessions_create:redis:slow_300ms → 200 degraded_ok
  log {"evt":"api_request","requestId":"76f53166-8597-47cd-ad85-359c3c1918d4","method":"POST","route":"/functions/v1/api/v1/sessions","status":200,"durationMs":1507}
=== matrix:sessions_create:redis:hang → 200 degraded_ok
  log {"evt":"api_request","requestId":"23dde0ec-40f5-4e5e-929c-404ca99619ad","method":"POST","route":"/functions/v1/api/v1/sessions","status":200,"durationMs":6009}
=== matrix:sessions_finalize:auth:down_503 → 401 misclassified_auth_failure
  log {"evt":"api_request","requestId":"0685fa5c-40fd-456d-86bf-0cba072cd759","method":"POST","route":"/functions/v1/api/v1/sessions/:id/finalize","status":401,"durationMs":0}
=== matrix:sessions_finalize:auth:error_500 → 401 misclassified_auth_failure
  log {"evt":"api_request","requestId":"f728fd53-2d74-4eb2-a723-4c02e51d3b72","method":"POST","route":"/functions/v1/api/v1/sessions/:id/finalize","status":401,"durationMs":0}
=== matrix:sessions_finalize:auth:gateway_502_html → 401 misclassified_auth_failure
  log {"evt":"api_request","requestId":"439a709f-8b70-42cd-b9fe-4e41369a5161","method":"POST","route":"/functions/v1/api/v1/sessions/:id/finalize","status":401,"durationMs":0}
=== matrix:sessions_finalize:auth:network_error → 401 misclassified_auth_failure
  log {"evt":"api_request","requestId":"32e8111f-395b-4d28-93da-4535c6434eda","method":"POST","route":"/functions/v1/api/v1/sessions/:id/finalize","status":401,"durationMs":0}
=== matrix:sessions_finalize:auth:malformed_json → 401 misclassified_auth_failure
  log {"evt":"api_request","requestId":"5d810517-e7e8-47fa-abdf-292cba6361dd","method":"POST","route":"/functions/v1/api/v1/sessions/:id/finalize","status":401,"durationMs":0}
=== matrix:sessions_finalize:auth:wrong_shape → 401 misclassified_auth_failure
  log {"evt":"api_request","requestId":"f13807c8-27a9-41b4-9b57-f19f6ed28aeb","method":"POST","route":"/functions/v1/api/v1/sessions/:id/finalize","status":401,"durationMs":0}
=== matrix:sessions_finalize:auth:empty_body → 401 misclassified_auth_failure
  log {"evt":"api_request","requestId":"c5c46a4c-7a63-4aa7-bc21-1a2047e5cde3","method":"POST","route":"/functions/v1/api/v1/sessions/:id/finalize","status":401,"durationMs":0}
=== matrix:sessions_finalize:auth:slow_1500ms → 200 degraded_ok
  log {"evt":"api_request","requestId":"e1a23866-af64-442c-8ca9-68cf7378fb95","method":"POST","route":"/functions/v1/api/v1/sessions/:id/finalize","status":200,"durationMs":1501}
=== matrix:sessions_finalize:auth:hang → TIMEOUT hang_unbounded
=== matrix:sessions_finalize:rest:error_500 → 503 pass
  error [api] Session finalize: FI_LEAK_97f9a3e7c57e relation "public.secret_table" does not exist
  log {"evt":"api_request","requestId":"9bce93f0-1117-462c-9763-36b08c2fc3be","method":"POST","route":"/functions/v1/api/v1/sessions/:id/finalize","status":503,"durationMs":1}
=== matrix:sessions_finalize:rest:down_503 → 503 pass
  error [api] Session finalize: FI_LEAK_aebdd861c38f relation "public.secret_table" does not exist
  log {"evt":"api_request","requestId":"0b2e9643-9655-453c-8762-a2ff42148e76","method":"POST","route":"/functions/v1/api/v1/sessions/:id/finalize","status":503,"durationMs":7005}
=== matrix:sessions_finalize:rest:gateway_502_html → 503 pass
  error [api] Session finalize: <html><head><title>502 Bad Gateway</title></head><body>502 Bad Gateway FI_LEAK_fe38a6cbe8b9 upstream connect error</body></html>
  log {"evt":"api_request","requestId":"8adb3b21-ad8b-457d-b0bd-45d9cb81e6db","method":"POST","route":"/functions/v1/api/v1/sessions/:id/finalize","status":503,"durationMs":1}
=== matrix:sessions_finalize:rest:network_error → 503 pass
  error [api] Session finalize: TypeError: error sending request for url (http://supabase.fi.test/rest/v1/sessions?select=id%2Cended_at&id=eq.dde45198-5996-431c-bed3-bc0a4d7abee4&user_id=eq.ce21a389-a3d0-444e-99ff-2ec5930f7f70): client error (Connect): dns error FI_LEAK_b5493c40365f
  log {"evt":"api_request","requestId":"75fe31a4-3aac-4fbe-851b-7d44e96f8d10","method":"POST","route":"/functions/v1/api/v1/sessions/:id/finalize","status":503,"durationMs":7005}
=== matrix:sessions_finalize:rest:malformed_json → 503 pass
  error [api] Session finalize: {"FI_LEAK_2b28fc41073a": tru
  log {"evt":"api_request","requestId":"0747bc88-9c5b-4c6d-89cb-f7f551135f03","method":"POST","route":"/functions/v1/api/v1/sessions/:id/finalize","status":503,"durationMs":1}
=== matrix:sessions_finalize:rest:wrong_shape → 200 degraded_ok
  log {"evt":"api_request","requestId":"8e51648f-032e-4f83-939e-9c21da2f7e13","method":"POST","route":"/functions/v1/api/v1/sessions/:id/finalize","status":200,"durationMs":1}
=== matrix:sessions_finalize:rest:empty_body → 404 degraded_ok
  log {"evt":"api_request","requestId":"f2c865ef-9604-41fa-b89f-d75afdb6473d","method":"POST","route":"/functions/v1/api/v1/sessions/:id/finalize","status":404,"durationMs":1,"code":"session.not_found"}
=== matrix:sessions_finalize:rest:hang → TIMEOUT hang_unbounded
=== matrix:sessions_finalize:redis:error_500 → 200 degraded_ok
  log {"evt":"api_request","requestId":"9ac49da7-570c-46b7-9de5-7a87855be0e6","method":"POST","route":"/functions/v1/api/v1/sessions/:id/finalize","status":200,"durationMs":1}
=== matrix:sessions_finalize:redis:unauthorized_401 → 200 degraded_ok
  log {"evt":"api_request","requestId":"9e5aae4a-e054-4637-8d11-2286191f0d72","method":"POST","route":"/functions/v1/api/v1/sessions/:id/finalize","status":200,"durationMs":1}
=== matrix:sessions_finalize:redis:network_error → 200 degraded_ok
  log {"evt":"api_request","requestId":"49a8e075-34f6-471d-8ba6-3707dc4fd01b","method":"POST","route":"/functions/v1/api/v1/sessions/:id/finalize","status":200,"durationMs":1}
=== matrix:sessions_finalize:redis:malformed_json → 200 degraded_ok
  log {"evt":"api_request","requestId":"6dc90ac0-533c-4dcb-8540-1295e3fb3c92","method":"POST","route":"/functions/v1/api/v1/sessions/:id/finalize","status":200,"durationMs":1}
=== matrix:sessions_finalize:redis:wrong_shape → 200 degraded_ok
  log {"evt":"api_request","requestId":"cb7e1b2a-f62b-4b10-bba8-bb66d23e0cc5","method":"POST","route":"/functions/v1/api/v1/sessions/:id/finalize","status":200,"durationMs":1}
=== matrix:sessions_finalize:redis:slow_300ms → 200 degraded_ok
  log {"evt":"api_request","requestId":"7e01c773-e090-446b-a570-d2b6411adc75","method":"POST","route":"/functions/v1/api/v1/sessions/:id/finalize","status":200,"durationMs":1507}
=== matrix:sessions_finalize:redis:hang → 200 degraded_ok
  log {"evt":"api_request","requestId":"3fb60ae5-5fe5-4aa2-b9fa-bacf4b76cc9c","method":"POST","route":"/functions/v1/api/v1/sessions/:id/finalize","status":200,"durationMs":6008}
=== matrix:analyses_feedback:auth:down_503 → 401 misclassified_auth_failure
  log {"evt":"api_request","requestId":"43b5581c-6a8b-418a-b6b4-493e342a6aa1","method":"POST","route":"/functions/v1/api/v1/analyses/:id/feedback","status":401,"durationMs":1}
=== matrix:analyses_feedback:auth:error_500 → 401 misclassified_auth_failure
  log {"evt":"api_request","requestId":"c79d6781-445e-400f-a9e8-6d746fdc7f9b","method":"POST","route":"/functions/v1/api/v1/analyses/:id/feedback","status":401,"durationMs":0}
=== matrix:analyses_feedback:auth:gateway_502_html → 401 misclassified_auth_failure
  log {"evt":"api_request","requestId":"49c37bad-d2bb-49ae-81eb-7eb60f310894","method":"POST","route":"/functions/v1/api/v1/analyses/:id/feedback","status":401,"durationMs":0}
=== matrix:analyses_feedback:auth:network_error → 401 misclassified_auth_failure
  log {"evt":"api_request","requestId":"2d0bf237-9571-43fa-9f3f-1f59f2e535fd","method":"POST","route":"/functions/v1/api/v1/analyses/:id/feedback","status":401,"durationMs":0}
=== matrix:analyses_feedback:auth:malformed_json → 401 misclassified_auth_failure
  log {"evt":"api_request","requestId":"6a95e819-0b60-4b1b-9fb4-1f29a0cb323d","method":"POST","route":"/functions/v1/api/v1/analyses/:id/feedback","status":401,"durationMs":0}
=== matrix:analyses_feedback:auth:wrong_shape → 401 misclassified_auth_failure
  log {"evt":"api_request","requestId":"6c0824bb-2af4-4bee-a547-ff4117315681","method":"POST","route":"/functions/v1/api/v1/analyses/:id/feedback","status":401,"durationMs":0}
=== matrix:analyses_feedback:auth:empty_body → 401 misclassified_auth_failure
  log {"evt":"api_request","requestId":"4b1074c8-e95b-47bd-a07f-17bd251837f4","method":"POST","route":"/functions/v1/api/v1/analyses/:id/feedback","status":401,"durationMs":0}
=== matrix:analyses_feedback:auth:slow_1500ms → 201 degraded_ok
  log {"evt":"api_request","requestId":"7de8917b-e862-4ca3-b2be-acf79c8320dc","method":"POST","route":"/functions/v1/api/v1/analyses/:id/feedback","status":201,"durationMs":1504}
=== matrix:analyses_feedback:auth:hang → TIMEOUT hang_unbounded
=== matrix:analyses_feedback:rest:error_500 → 503 pass
  error [api] Feedback: FI_LEAK_9c91650d7bc3 relation "public.secret_table" does not exist
  log {"evt":"api_request","requestId":"7b7d11b1-83fc-49c0-9066-98c94fdeb525","method":"POST","route":"/functions/v1/api/v1/analyses/:id/feedback","status":503,"durationMs":1}
=== matrix:analyses_feedback:rest:down_503 → 503 pass
  error [api] Feedback: FI_LEAK_98633fc8a8df relation "public.secret_table" does not exist
  log {"evt":"api_request","requestId":"99e04013-f111-456a-9f50-61b6576a22ff","method":"POST","route":"/functions/v1/api/v1/analyses/:id/feedback","status":503,"durationMs":7008}
=== matrix:analyses_feedback:rest:gateway_502_html → 503 pass
  error [api] Feedback: <html><head><title>502 Bad Gateway</title></head><body>502 Bad Gateway FI_LEAK_6a71996bdf58 upstream connect error</body></html>
  log {"evt":"api_request","requestId":"4e96c3cb-2815-43af-b815-7f5c4528a5ec","method":"POST","route":"/functions/v1/api/v1/analyses/:id/feedback","status":503,"durationMs":1}
=== matrix:analyses_feedback:rest:network_error → 503 pass
  error [api] Feedback: TypeError: error sending request for url (http://supabase.fi.test/rest/v1/shots?select=id&id=eq.1dc8ad68-e834-4e2e-a515-abe80f24e570&user_id=eq.8b359120-3272-4e88-a17a-008191a4fc83): client error (Connect): dns error FI_LEAK_f1ab8cc5af54
  log {"evt":"api_request","requestId":"96a91943-31b8-41aa-b997-d80d8c586808","method":"POST","route":"/functions/v1/api/v1/analyses/:id/feedback","status":503,"durationMs":7006}
=== matrix:analyses_feedback:rest:malformed_json → 503 pass
  error [api] Feedback: {"FI_LEAK_a27a30ddedd4": tru
  log {"evt":"api_request","requestId":"d560c882-f715-442c-ab1e-0a1d0dd90f88","method":"POST","route":"/functions/v1/api/v1/analyses/:id/feedback","status":503,"durationMs":1}
=== matrix:analyses_feedback:rest:wrong_shape → 500 unhandled_500
  error [api] unhandled error (4e39f25f-993a-4063-a6f6-d8b2d887fcc3): TypeError: rows.filter is not a function
  log {"evt":"api_request","requestId":"4e39f25f-993a-4063-a6f6-d8b2d887fcc3","method":"POST","route":"/functions/v1/api/v1/analyses/:id/feedback","status":500,"durationMs":1}
=== matrix:analyses_feedback:rest:empty_body → 404 degraded_ok
  log {"evt":"api_request","requestId":"3e8294c6-ad2e-4ef8-af1a-d5799a414160","method":"POST","route":"/functions/v1/api/v1/analyses/:id/feedback","status":404,"durationMs":1,"code":"analysis.not_found"}
=== matrix:analyses_feedback:rest:hang → TIMEOUT hang_unbounded
=== matrix:analyses_feedback:redis:error_500 → 201 degraded_ok
  log {"evt":"api_request","requestId":"6c0fedef-1ebb-4959-be3f-1c9664adc580","method":"POST","route":"/functions/v1/api/v1/analyses/:id/feedback","status":201,"durationMs":2}
=== matrix:analyses_feedback:redis:unauthorized_401 → 201 degraded_ok
  log {"evt":"api_request","requestId":"824f4415-927d-47c4-805e-ed14c81b8942","method":"POST","route":"/functions/v1/api/v1/analyses/:id/feedback","status":201,"durationMs":1}
=== matrix:analyses_feedback:redis:network_error → 201 degraded_ok
  log {"evt":"api_request","requestId":"f5ed16dc-5785-436c-a264-fff7ed7cd5bf","method":"POST","route":"/functions/v1/api/v1/analyses/:id/feedback","status":201,"durationMs":1}
=== matrix:analyses_feedback:redis:malformed_json → 201 degraded_ok
  log {"evt":"api_request","requestId":"a05a10f0-b351-4d06-b941-26d83e513f1b","method":"POST","route":"/functions/v1/api/v1/analyses/:id/feedback","status":201,"durationMs":1}
=== matrix:analyses_feedback:redis:wrong_shape → 201 degraded_ok
  log {"evt":"api_request","requestId":"086636aa-0110-4a4b-ba2c-ede2c40b5395","method":"POST","route":"/functions/v1/api/v1/analyses/:id/feedback","status":201,"durationMs":1}
=== matrix:analyses_feedback:redis:slow_300ms → 201 degraded_ok
  log {"evt":"api_request","requestId":"2782ff3c-1b55-4abe-a667-cdbb101cb091","method":"POST","route":"/functions/v1/api/v1/analyses/:id/feedback","status":201,"durationMs":1507}
=== matrix:analyses_feedback:redis:hang → 201 degraded_ok
  log {"evt":"api_request","requestId":"9e31e06c-2801-4229-b04c-e284a9f69018","method":"POST","route":"/functions/v1/api/v1/analyses/:id/feedback","status":201,"durationMs":6010}
=== matrix:evaluation_trials:auth:down_503 → 401 misclassified_auth_failure
  log {"evt":"api_request","requestId":"52925a9b-52a2-46b7-bcac-bc10178b4801","method":"POST","route":"/functions/v1/api/v1/me/evaluation/trials","status":401,"durationMs":0}
=== matrix:evaluation_trials:auth:error_500 → 401 misclassified_auth_failure
  log {"evt":"api_request","requestId":"dd902b11-697e-48b1-88c1-dac4ca1ac3a4","method":"POST","route":"/functions/v1/api/v1/me/evaluation/trials","status":401,"durationMs":0}
=== matrix:evaluation_trials:auth:gateway_502_html → 401 misclassified_auth_failure
  log {"evt":"api_request","requestId":"b95c29aa-9e93-4005-b58b-aaaf036227b6","method":"POST","route":"/functions/v1/api/v1/me/evaluation/trials","status":401,"durationMs":1}
=== matrix:evaluation_trials:auth:network_error → 401 misclassified_auth_failure
  log {"evt":"api_request","requestId":"cf0a54c6-455c-498f-b407-7f8b6c0f2dd7","method":"POST","route":"/functions/v1/api/v1/me/evaluation/trials","status":401,"durationMs":0}
=== matrix:evaluation_trials:auth:malformed_json → 401 misclassified_auth_failure
  log {"evt":"api_request","requestId":"2f857d2f-487f-42bc-a95d-d60f88a0abb3","method":"POST","route":"/functions/v1/api/v1/me/evaluation/trials","status":401,"durationMs":0}
=== matrix:evaluation_trials:auth:wrong_shape → 401 misclassified_auth_failure
  log {"evt":"api_request","requestId":"ee599f35-f86f-4a0f-9aec-e06cc2a3f533","method":"POST","route":"/functions/v1/api/v1/me/evaluation/trials","status":401,"durationMs":0}
=== matrix:evaluation_trials:auth:empty_body → 401 misclassified_auth_failure
  log {"evt":"api_request","requestId":"46985ddb-bba5-4be0-8cd8-4a1e8afd763c","method":"POST","route":"/functions/v1/api/v1/me/evaluation/trials","status":401,"durationMs":0}
=== matrix:evaluation_trials:auth:slow_1500ms → 200 degraded_ok
  log {"evt":"api_request","requestId":"9bc26138-d51b-4819-bf29-ee3054631e9b","method":"POST","route":"/functions/v1/api/v1/me/evaluation/trials","status":200,"durationMs":1502}
=== matrix:evaluation_trials:auth:hang → TIMEOUT hang_unbounded
=== matrix:evaluation_trials:rest:error_500 → 503 pass
  error [api] Consent status: FI_LEAK_2493f02ce35e relation "public.secret_table" does not exist
  log {"evt":"api_request","requestId":"4c4f1ab6-96a2-420c-8a3b-a69fedde37c4","method":"POST","route":"/functions/v1/api/v1/me/evaluation/trials","status":503,"durationMs":1}
=== matrix:evaluation_trials:rest:down_503 → 503 pass
  error [api] Consent status: FI_LEAK_78e6f5012c81 relation "public.secret_table" does not exist
  log {"evt":"api_request","requestId":"c28530a3-651d-4b94-a1ad-3328dc54a56e","method":"POST","route":"/functions/v1/api/v1/me/evaluation/trials","status":503,"durationMs":7005}
=== matrix:evaluation_trials:rest:gateway_502_html → 503 pass
  error [api] Consent status: <html><head><title>502 Bad Gateway</title></head><body>502 Bad Gateway FI_LEAK_f71cb3e4214c upstream connect error</body></html>
  log {"evt":"api_request","requestId":"5f222998-44e3-4390-a8e3-2e72561e7a5b","method":"POST","route":"/functions/v1/api/v1/me/evaluation/trials","status":503,"durationMs":1}
=== matrix:evaluation_trials:rest:network_error → 503 pass
  error [api] Consent status: TypeError: error sending request for url (http://supabase.fi.test/rest/v1/consent_records?select=scope%2Caction%2Cconsent_version%2Ccreated_at&user_id=eq.8ef1cd5e-d24a-4307-87f7-0c1aa83f0b8d&order=created_at.asc%2Cid.asc): client error (Connect): dns error FI_LEAK_09cb780349b6
  log {"evt":"api_request","requestId":"b70cd845-a13e-4142-b756-39af5ae87f72","method":"POST","route":"/functions/v1/api/v1/me/evaluation/trials","status":503,"durationMs":7006}
=== matrix:evaluation_trials:rest:malformed_json → 503 pass
  error [api] Consent status: {"FI_LEAK_3fff9b2b37cb": tru
  log {"evt":"api_request","requestId":"b3d547f2-2870-4b3d-8ac3-2b54f2ece051","method":"POST","route":"/functions/v1/api/v1/me/evaluation/trials","status":503,"durationMs":1}
=== matrix:evaluation_trials:rest:wrong_shape → 500 unhandled_500
  error [api] unhandled error (217ea36c-36c0-4d02-ae29-679e689548ee): TypeError: rows.filter is not a function
  log {"evt":"api_request","requestId":"217ea36c-36c0-4d02-ae29-679e689548ee","method":"POST","route":"/functions/v1/api/v1/me/evaluation/trials","status":500,"durationMs":1}
=== matrix:evaluation_trials:rest:empty_body → 403 degraded_ok
  log {"evt":"api_request","requestId":"0cc31a7e-eee6-4886-a536-5347667f1e4e","method":"POST","route":"/functions/v1/api/v1/me/evaluation/trials","status":403,"durationMs":1,"code":"evaluation.consent_inactive"}
=== matrix:evaluation_trials:rest:hang → TIMEOUT hang_unbounded
=== matrix:evaluation_trials:redis:error_500 → 200 degraded_ok
  log {"evt":"api_request","requestId":"b8109b4e-c358-4a7d-84b1-2aa21df87c83","method":"POST","route":"/functions/v1/api/v1/me/evaluation/trials","status":200,"durationMs":1}
=== matrix:evaluation_trials:redis:unauthorized_401 → 200 degraded_ok
  log {"evt":"api_request","requestId":"dbe96d18-e13f-41cb-9886-68e31a11bf19","method":"POST","route":"/functions/v1/api/v1/me/evaluation/trials","status":200,"durationMs":1}
=== matrix:evaluation_trials:redis:network_error → 200 degraded_ok
  log {"evt":"api_request","requestId":"1fd81c6b-58ba-4f29-908b-2512939b766b","method":"POST","route":"/functions/v1/api/v1/me/evaluation/trials","status":200,"durationMs":1}
=== matrix:evaluation_trials:redis:malformed_json → 200 degraded_ok
  log {"evt":"api_request","requestId":"7a16d201-5732-420d-8638-8894d507bfc1","method":"POST","route":"/functions/v1/api/v1/me/evaluation/trials","status":200,"durationMs":1}
=== matrix:evaluation_trials:redis:wrong_shape → 200 degraded_ok
  log {"evt":"api_request","requestId":"bfeaa49e-1af3-416b-b3fa-e4cb5fcb2398","method":"POST","route":"/functions/v1/api/v1/me/evaluation/trials","status":200,"durationMs":1}
=== matrix:evaluation_trials:redis:slow_300ms → 200 degraded_ok
  log {"evt":"api_request","requestId":"decda14c-d771-4404-81ab-85fb04d5846c","method":"POST","route":"/functions/v1/api/v1/me/evaluation/trials","status":200,"durationMs":1505}
=== matrix:evaluation_trials:redis:hang → 200 degraded_ok
  log {"evt":"api_request","requestId":"870dafc4-cb30-4ef0-b869-e59f7c4c7361","method":"POST","route":"/functions/v1/api/v1/me/evaluation/trials","status":200,"durationMs":6010}
=== matrix:progress:auth:down_503 → 401 misclassified_auth_failure
  log {"evt":"api_request","requestId":"abd0c9e5-c8ec-4613-873e-c7cf5adcd132","method":"GET","route":"/functions/v1/api/v1/progress","status":401,"durationMs":1}
=== matrix:progress:auth:error_500 → 401 misclassified_auth_failure
  log {"evt":"api_request","requestId":"ee257c75-0fc5-4936-9818-ade9c710ade3","method":"GET","route":"/functions/v1/api/v1/progress","status":401,"durationMs":1}
=== matrix:progress:auth:gateway_502_html → 401 misclassified_auth_failure
  log {"evt":"api_request","requestId":"eb33d7dc-56bd-4a71-ac6c-fe9d223c8656","method":"GET","route":"/functions/v1/api/v1/progress","status":401,"durationMs":0}
=== matrix:progress:auth:network_error → 401 misclassified_auth_failure
  log {"evt":"api_request","requestId":"c54d9bb5-a865-4a1e-bdb4-76ee1c850ff0","method":"GET","route":"/functions/v1/api/v1/progress","status":401,"durationMs":0}
=== matrix:progress:auth:malformed_json → 401 misclassified_auth_failure
  log {"evt":"api_request","requestId":"f230556b-7ba9-41f6-a0ab-b882b28da845","method":"GET","route":"/functions/v1/api/v1/progress","status":401,"durationMs":1}
=== matrix:progress:auth:wrong_shape → 401 misclassified_auth_failure
  log {"evt":"api_request","requestId":"560bd776-1361-4d40-970c-24dc3daa08cf","method":"GET","route":"/functions/v1/api/v1/progress","status":401,"durationMs":0}
=== matrix:progress:auth:empty_body → 401 misclassified_auth_failure
  log {"evt":"api_request","requestId":"32b684e1-465c-4103-8dc1-131ebcb20b5a","method":"GET","route":"/functions/v1/api/v1/progress","status":401,"durationMs":0}
=== matrix:progress:auth:slow_1500ms → 200 degraded_ok
  log {"evt":"api_request","requestId":"40d65eff-38ca-4352-8612-fa231ed9249f","method":"GET","route":"/functions/v1/api/v1/progress","status":200,"durationMs":1503}
=== matrix:progress:auth:hang → TIMEOUT hang_unbounded
=== matrix:progress:rest:error_500 → 503 pass
  error [api] Progress: FI_LEAK_eae9f1603d1b relation "public.secret_table" does not exist
  log {"evt":"api_request","requestId":"db6ac3ea-5966-450d-98fe-275f876c3d48","method":"GET","route":"/functions/v1/api/v1/progress","status":503,"durationMs":1}
=== matrix:progress:rest:down_503 → 503 pass
  error [api] Progress: FI_LEAK_68ed239c1013 relation "public.secret_table" does not exist
  log {"evt":"api_request","requestId":"510cb641-c5a6-4ade-b1e1-cf7cc28bb5e0","method":"GET","route":"/functions/v1/api/v1/progress","status":503,"durationMs":7004}
=== matrix:progress:rest:gateway_502_html → 503 pass
  error [api] Progress: <html><head><title>502 Bad Gateway</title></head><body>502 Bad Gateway FI_LEAK_ab8c0576f641 upstream connect error</body></html>
  log {"evt":"api_request","requestId":"009f265d-304d-448d-8241-766ab59d0d4c","method":"GET","route":"/functions/v1/api/v1/progress","status":503,"durationMs":1}
=== matrix:progress:rest:network_error → 503 pass
  error [api] Progress: TypeError: error sending request for url (http://supabase.fi.test/rest/v1/progress_daily?select=day%2Cshot_type%2Cscoring_model_version%2Cshot_count%2Cavg_score%2Cbest_score&user_id=eq.e8f062b1-b4c2-42a3-8593-a01f20ec1f57&order=day.asc%2Cshot_type.asc%2Cscoring_model_version.asc&offset=0&limit=1000): client error (Connect): dns error FI_LEAK_0075d42d10c1
  log {"evt":"api_request","requestId":"f1f0159d-5a20-4495-8be4-b00ff1348d81","method":"GET","route":"/functions/v1/api/v1/progress","status":503,"durationMs":7004}
=== matrix:progress:rest:malformed_json → 503 pass
  error [api] Progress: {"FI_LEAK_3aef7803452f": tru
  log {"evt":"api_request","requestId":"cedd3419-875a-4b0b-b29c-d75e2640ba48","method":"GET","route":"/functions/v1/api/v1/progress","status":503,"durationMs":1}
=== matrix:progress:rest:wrong_shape → 500 unhandled_500
  error [api] unhandled error (84e75960-9e7f-438c-93ef-2e70aafc7fb3): TypeError: Spread syntax requires ...iterable[Symbol.iterator] to be a function
  log {"evt":"api_request","requestId":"84e75960-9e7f-438c-93ef-2e70aafc7fb3","method":"GET","route":"/functions/v1/api/v1/progress","status":500,"durationMs":1}
=== matrix:progress:rest:empty_body → 200 degraded_ok
  log {"evt":"api_request","requestId":"c08fd883-9f49-40bb-8a81-ec375249b1b5","method":"GET","route":"/functions/v1/api/v1/progress","status":200,"durationMs":1}
=== matrix:progress:rest:hang → TIMEOUT hang_unbounded
=== matrix:progress:redis:error_500 → 200 degraded_ok
  log {"evt":"api_request","requestId":"e7ca0832-9197-43d6-8a27-68d5ea983b41","method":"GET","route":"/functions/v1/api/v1/progress","status":200,"durationMs":1}
=== matrix:progress:redis:unauthorized_401 → 200 degraded_ok
  log {"evt":"api_request","requestId":"cc1a2e5b-4e02-4aae-8e99-e898e8df575d","method":"GET","route":"/functions/v1/api/v1/progress","status":200,"durationMs":1}
=== matrix:progress:redis:network_error → 200 degraded_ok
  log {"evt":"api_request","requestId":"e84b2964-4e29-4b17-b3bf-7465728a2f91","method":"GET","route":"/functions/v1/api/v1/progress","status":200,"durationMs":1}
=== matrix:progress:redis:malformed_json → 200 degraded_ok
  log {"evt":"api_request","requestId":"da9a0bf4-a0d0-46d5-a059-348217742f51","method":"GET","route":"/functions/v1/api/v1/progress","status":200,"durationMs":1}
=== matrix:progress:redis:wrong_shape → 200 degraded_ok
  log {"evt":"api_request","requestId":"ee19c1ec-181b-4c69-9e04-871a495410dc","method":"GET","route":"/functions/v1/api/v1/progress","status":200,"durationMs":1}
=== matrix:progress:redis:slow_300ms → 200 degraded_ok
  log {"evt":"api_request","requestId":"59e7f3b4-cb6e-4e12-b2cd-b3ab3f4a4b7d","method":"GET","route":"/functions/v1/api/v1/progress","status":200,"durationMs":2108}
=== matrix:progress:redis:hang → 200 degraded_ok
  log {"evt":"api_request","requestId":"dd1956cd-761c-4def-a858-d7b32ec3bf1a","method":"GET","route":"/functions/v1/api/v1/progress","status":200,"durationMs":8412}
=== matrix:rank:auth:down_503 → 401 misclassified_auth_failure
  log {"evt":"api_request","requestId":"4cf51827-8053-4ed0-a11a-b133e328a409","method":"GET","route":"/functions/v1/api/v1/rank","status":401,"durationMs":0}
=== matrix:rank:auth:error_500 → 401 misclassified_auth_failure
  log {"evt":"api_request","requestId":"0dbcd7d1-161a-4c9f-b331-35d03c5aecb1","method":"GET","route":"/functions/v1/api/v1/rank","status":401,"durationMs":0}
=== matrix:rank:auth:gateway_502_html → 401 misclassified_auth_failure
  log {"evt":"api_request","requestId":"7343d5f4-607f-40a7-bb8a-26faab701156","method":"GET","route":"/functions/v1/api/v1/rank","status":401,"durationMs":0}
=== matrix:rank:auth:network_error → 401 misclassified_auth_failure
  log {"evt":"api_request","requestId":"9ab8a669-e2cc-478d-bcf5-147e1c316998","method":"GET","route":"/functions/v1/api/v1/rank","status":401,"durationMs":0}
=== matrix:rank:auth:malformed_json → 401 misclassified_auth_failure
  log {"evt":"api_request","requestId":"4ca1b24e-2ac0-4ce9-8593-9c3e201c49b9","method":"GET","route":"/functions/v1/api/v1/rank","status":401,"durationMs":0}
=== matrix:rank:auth:wrong_shape → 401 misclassified_auth_failure
  log {"evt":"api_request","requestId":"21294396-b5fa-4ad4-a063-cbb1313704bd","method":"GET","route":"/functions/v1/api/v1/rank","status":401,"durationMs":0}
=== matrix:rank:auth:empty_body → 401 misclassified_auth_failure
  log {"evt":"api_request","requestId":"5b70bbee-4e69-42b4-b195-bfc52cb9df90","method":"GET","route":"/functions/v1/api/v1/rank","status":401,"durationMs":0}
=== matrix:rank:auth:slow_1500ms → 200 degraded_ok
  log {"evt":"api_request","requestId":"e1909275-bdc4-4670-a371-9a522ee06ecb","method":"GET","route":"/functions/v1/api/v1/rank","status":200,"durationMs":1503}
=== matrix:rank:auth:hang → TIMEOUT hang_unbounded
=== matrix:rank:rest:error_500 → 503 pass
  error [api] Player rank: FI_LEAK_753a1347c362 relation "public.secret_table" does not exist
  log {"evt":"api_request","requestId":"32363653-6be8-41fc-b6d6-660677ad6ec3","method":"GET","route":"/functions/v1/api/v1/rank","status":503,"durationMs":1}
=== matrix:rank:rest:down_503 → 503 pass
  error [api] Player rank: FI_LEAK_0bd113246d9d relation "public.secret_table" does not exist
  log {"evt":"api_request","requestId":"be06416e-79e5-4c0f-9181-5f15714b3d34","method":"GET","route":"/functions/v1/api/v1/rank","status":503,"durationMs":7004}
=== matrix:rank:rest:gateway_502_html → 503 pass
  error [api] Player rank: <html><head><title>502 Bad Gateway</title></head><body>502 Bad Gateway FI_LEAK_bc80f9ed1758 upstream connect error</body></html>
  log {"evt":"api_request","requestId":"21999a98-699c-48dc-a37d-90ff0a015805","method":"GET","route":"/functions/v1/api/v1/rank","status":503,"durationMs":1}
=== matrix:rank:rest:network_error → 503 pass
  error [api] Player rank: TypeError: error sending request for url (http://supabase.fi.test/rest/v1/player_technique_rating?select=shot_type%2Cscore%2Ccaptured_at%2Csampled_count%2Cconfidence_weight&user_id=eq.3068ed59-e35c-41f2-b6ca-764d34929ea3&order=shot_type.asc): client error (Connect): dns error FI_LEAK_c53f294c6ec3
  log {"evt":"api_request","requestId":"71cb57c6-9fc0-42bc-a29f-32b7877aff88","method":"GET","route":"/functions/v1/api/v1/rank","status":503,"durationMs":7005}
=== matrix:rank:rest:malformed_json → 503 pass
  error [api] Player rank: {"FI_LEAK_8d48c3035bc4": tru
  log {"evt":"api_request","requestId":"2fecdff9-1687-493e-8c22-e688f3d71732","method":"GET","route":"/functions/v1/api/v1/rank","status":503,"durationMs":1}
=== matrix:rank:rest:wrong_shape → 500 unhandled_500
  error [api] unhandled error (06258a95-cd8f-488a-85c6-c551a75d0bfe): TypeError: (techniquesQ.data ?? []).map is not a function
  log {"evt":"api_request","requestId":"06258a95-cd8f-488a-85c6-c551a75d0bfe","method":"GET","route":"/functions/v1/api/v1/rank","status":500,"durationMs":1}
=== matrix:rank:rest:empty_body → 200 degraded_ok
  log {"evt":"api_request","requestId":"3be595c5-f6b9-4830-897a-65b34eb4baca","method":"GET","route":"/functions/v1/api/v1/rank","status":200,"durationMs":1}
=== matrix:rank:rest:hang → TIMEOUT hang_unbounded
=== matrix:rank:redis:error_500 → 200 degraded_ok
  log {"evt":"api_request","requestId":"0c8d53b7-a2cb-4266-be22-2bf45546623f","method":"GET","route":"/functions/v1/api/v1/rank","status":200,"durationMs":1}
=== matrix:rank:redis:unauthorized_401 → 200 degraded_ok
  log {"evt":"api_request","requestId":"d3cd63dc-6424-4c57-be55-6a71c7cbb07c","method":"GET","route":"/functions/v1/api/v1/rank","status":200,"durationMs":1}
=== matrix:rank:redis:network_error → 200 degraded_ok
  log {"evt":"api_request","requestId":"f8170bc4-8e32-421f-8601-bf58907bd955","method":"GET","route":"/functions/v1/api/v1/rank","status":200,"durationMs":1}
=== matrix:rank:redis:malformed_json → 200 degraded_ok
  log {"evt":"api_request","requestId":"a3007281-599a-4961-9171-a2748600f456","method":"GET","route":"/functions/v1/api/v1/rank","status":200,"durationMs":1}
=== matrix:rank:redis:wrong_shape → 200 degraded_ok
  log {"evt":"api_request","requestId":"9f0ffa7b-bbed-4aaf-b5da-0e1cc5dc44ad","method":"GET","route":"/functions/v1/api/v1/rank","status":200,"durationMs":1}
=== matrix:rank:redis:slow_300ms → 200 degraded_ok
  log {"evt":"api_request","requestId":"d2f42220-da6d-4079-88a5-b3a3b233c0e0","method":"GET","route":"/functions/v1/api/v1/rank","status":200,"durationMs":2107}
=== matrix:rank:redis:hang → 200 degraded_ok
  log {"evt":"api_request","requestId":"7a04ba59-8f92-466c-8dd1-928baddd68b2","method":"GET","route":"/functions/v1/api/v1/rank","status":200,"durationMs":8412}
=== matrix:consent_status:auth:down_503 → 401 misclassified_auth_failure
  log {"evt":"api_request","requestId":"db2941e0-bc84-455c-a8ba-6db9eccf8d59","method":"GET","route":"/functions/v1/api/v1/me/consent/status","status":401,"durationMs":1}
=== matrix:consent_status:auth:error_500 → 401 misclassified_auth_failure
  log {"evt":"api_request","requestId":"226b7597-cf2a-481a-b34a-5898cafa9ab5","method":"GET","route":"/functions/v1/api/v1/me/consent/status","status":401,"durationMs":1}
=== matrix:consent_status:auth:gateway_502_html → 401 misclassified_auth_failure
  log {"evt":"api_request","requestId":"5f0db58f-369d-4f98-ad35-393a575d1d5c","method":"GET","route":"/functions/v1/api/v1/me/consent/status","status":401,"durationMs":1}
=== matrix:consent_status:auth:network_error → 401 misclassified_auth_failure
  log {"evt":"api_request","requestId":"43fdee1d-13b9-41fb-bd92-36dae334bd3d","method":"GET","route":"/functions/v1/api/v1/me/consent/status","status":401,"durationMs":0}
=== matrix:consent_status:auth:malformed_json → 401 misclassified_auth_failure
  log {"evt":"api_request","requestId":"8c669b29-651a-423b-a7b9-0f347d81094c","method":"GET","route":"/functions/v1/api/v1/me/consent/status","status":401,"durationMs":0}
=== matrix:consent_status:auth:wrong_shape → 401 misclassified_auth_failure
  log {"evt":"api_request","requestId":"1ba4eeb4-fca5-4901-ba81-9fa56c9624e5","method":"GET","route":"/functions/v1/api/v1/me/consent/status","status":401,"durationMs":0}
=== matrix:consent_status:auth:empty_body → 401 misclassified_auth_failure
  log {"evt":"api_request","requestId":"58c8bfb3-9927-4574-b05d-691482834e52","method":"GET","route":"/functions/v1/api/v1/me/consent/status","status":401,"durationMs":0}
=== matrix:consent_status:auth:slow_1500ms → 200 degraded_ok
  log {"evt":"api_request","requestId":"22b2d391-ac7d-404e-bbad-93f2af8e4ffb","method":"GET","route":"/functions/v1/api/v1/me/consent/status","status":200,"durationMs":1503}
=== matrix:consent_status:auth:hang → TIMEOUT hang_unbounded
=== matrix:consent_status:rest:error_500 → 503 pass
  error [api] Consent status: FI_LEAK_cd695dd8be20 relation "public.secret_table" does not exist
  log {"evt":"api_request","requestId":"2818b351-8232-4329-b9de-cb435a884842","method":"GET","route":"/functions/v1/api/v1/me/consent/status","status":503,"durationMs":1}
=== matrix:consent_status:rest:down_503 → 503 pass
  error [api] Consent status: FI_LEAK_1633e718577c relation "public.secret_table" does not exist
  log {"evt":"api_request","requestId":"c936b65f-9938-4668-be48-051af249b9a3","method":"GET","route":"/functions/v1/api/v1/me/consent/status","status":503,"durationMs":7012}
=== matrix:consent_status:rest:gateway_502_html → 503 pass
  error [api] Consent status: <html><head><title>502 Bad Gateway</title></head><body>502 Bad Gateway FI_LEAK_7db19ddf9da0 upstream connect error</body></html>
  log {"evt":"api_request","requestId":"420c2ac6-3c92-4a02-98f3-2d42b2a046ea","method":"GET","route":"/functions/v1/api/v1/me/consent/status","status":503,"durationMs":1}
=== matrix:consent_status:rest:network_error → 503 pass
  error [api] Consent status: TypeError: error sending request for url (http://supabase.fi.test/rest/v1/consent_records?select=scope%2Caction%2Cconsent_version%2Ccreated_at&user_id=eq.6372a3af-2d0e-435f-b5c4-97c0712b37da&order=created_at.asc%2Cid.asc): client error (Connect): dns error FI_LEAK_6c19cca4a81f
  log {"evt":"api_request","requestId":"5d7fd950-9885-4325-82a0-18f45df112a5","method":"GET","route":"/functions/v1/api/v1/me/consent/status","status":503,"durationMs":7006}
=== matrix:consent_status:rest:malformed_json → 503 pass
  error [api] Consent status: {"FI_LEAK_ae42851f15eb": tru
  log {"evt":"api_request","requestId":"f301af80-88dd-4cd4-93f5-c390e6ad2bf6","method":"GET","route":"/functions/v1/api/v1/me/consent/status","status":503,"durationMs":1}
=== matrix:consent_status:rest:wrong_shape → 500 unhandled_500
  error [api] unhandled error (75128446-6aed-4378-999e-4538030656d2): TypeError: rows.filter is not a function
  log {"evt":"api_request","requestId":"75128446-6aed-4378-999e-4538030656d2","method":"GET","route":"/functions/v1/api/v1/me/consent/status","status":500,"durationMs":1}
=== matrix:consent_status:rest:empty_body → 200 degraded_ok
  log {"evt":"api_request","requestId":"c606ddce-798f-4833-8ccf-164b11071d8e","method":"GET","route":"/functions/v1/api/v1/me/consent/status","status":200,"durationMs":1}
=== matrix:consent_status:rest:hang → TIMEOUT hang_unbounded
=== matrix:consent_status:redis:error_500 → 200 degraded_ok
  log {"evt":"api_request","requestId":"19ea604a-7d80-46dd-9dc4-aef76dfef01a","method":"GET","route":"/functions/v1/api/v1/me/consent/status","status":200,"durationMs":1}
=== matrix:consent_status:redis:unauthorized_401 → 200 degraded_ok
  log {"evt":"api_request","requestId":"5bc6453b-fc03-4384-b016-e7907b244063","method":"GET","route":"/functions/v1/api/v1/me/consent/status","status":200,"durationMs":1}
=== matrix:consent_status:redis:network_error → 200 degraded_ok
  log {"evt":"api_request","requestId":"97eb0ba5-f735-448b-8ff8-200f10a905a4","method":"GET","route":"/functions/v1/api/v1/me/consent/status","status":200,"durationMs":1}
=== matrix:consent_status:redis:malformed_json → 200 degraded_ok
  log {"evt":"api_request","requestId":"e1f9a5a1-ed8d-44f6-9d4c-7b331057f075","method":"GET","route":"/functions/v1/api/v1/me/consent/status","status":200,"durationMs":1}
=== matrix:consent_status:redis:wrong_shape → 200 degraded_ok
  log {"evt":"api_request","requestId":"6bdc1f6e-8ef0-4f5f-a12c-b5e11b36a5e3","method":"GET","route":"/functions/v1/api/v1/me/consent/status","status":200,"durationMs":1}
=== matrix:consent_status:redis:slow_300ms → 200 degraded_ok
  log {"evt":"api_request","requestId":"587bf9bb-eb7a-4ee0-82b0-2927554109cd","method":"GET","route":"/functions/v1/api/v1/me/consent/status","status":200,"durationMs":1507}
=== matrix:consent_status:redis:hang → 200 degraded_ok
  log {"evt":"api_request","requestId":"17bc1351-9f54-46cf-9e0d-e8db640019c0","method":"GET","route":"/functions/v1/api/v1/me/consent/status","status":200,"durationMs":6009}
=== matrix:consent_grant:auth:down_503 → 401 misclassified_auth_failure
  log {"evt":"api_request","requestId":"eaaa88da-bfe8-4337-8912-43911f6d1250","method":"POST","route":"/functions/v1/api/v1/me/consent/grant","status":401,"durationMs":0}
=== matrix:consent_grant:auth:error_500 → 401 misclassified_auth_failure
  log {"evt":"api_request","requestId":"002d4759-d8b1-474b-ac38-b6750b4b1445","method":"POST","route":"/functions/v1/api/v1/me/consent/grant","status":401,"durationMs":0}
=== matrix:consent_grant:auth:gateway_502_html → 401 misclassified_auth_failure
  log {"evt":"api_request","requestId":"7d68e981-fd59-45e1-a050-5e9838726f17","method":"POST","route":"/functions/v1/api/v1/me/consent/grant","status":401,"durationMs":0}
=== matrix:consent_grant:auth:network_error → 401 misclassified_auth_failure
  log {"evt":"api_request","requestId":"fd0c27e0-0654-4485-afb9-a3c81fabb7f0","method":"POST","route":"/functions/v1/api/v1/me/consent/grant","status":401,"durationMs":0}
=== matrix:consent_grant:auth:malformed_json → 401 misclassified_auth_failure
  log {"evt":"api_request","requestId":"09d19c59-f3f8-463e-9230-4e4bcd8437fe","method":"POST","route":"/functions/v1/api/v1/me/consent/grant","status":401,"durationMs":0}
=== matrix:consent_grant:auth:wrong_shape → 401 misclassified_auth_failure
  log {"evt":"api_request","requestId":"9bcd0c81-fab3-482a-aa23-c10c4cb3e3cd","method":"POST","route":"/functions/v1/api/v1/me/consent/grant","status":401,"durationMs":0}
=== matrix:consent_grant:auth:empty_body → 401 misclassified_auth_failure
  log {"evt":"api_request","requestId":"1830ddfb-7d34-4e19-93d5-3cd4de17268b","method":"POST","route":"/functions/v1/api/v1/me/consent/grant","status":401,"durationMs":0}
=== matrix:consent_grant:auth:slow_1500ms → 200 degraded_ok
  log {"evt":"api_request","requestId":"6929c9ae-2cda-4a74-91d8-3d44aab1a46c","method":"POST","route":"/functions/v1/api/v1/me/consent/grant","status":200,"durationMs":1503}
=== matrix:consent_grant:auth:hang → TIMEOUT hang_unbounded
=== matrix:consent_grant:rest:error_500 → 503 pass
  error [api] Consent update: FI_LEAK_91c0a3dddf9f relation "public.secret_table" does not exist
  log {"evt":"api_request","requestId":"be50aec1-dfc6-4bdf-81f7-462819cf280a","method":"POST","route":"/functions/v1/api/v1/me/consent/grant","status":503,"durationMs":1}
=== matrix:consent_grant:rest:down_503 → 503 pass
  error [api] Consent update: FI_LEAK_b7b1326f8774 relation "public.secret_table" does not exist
  log {"evt":"api_request","requestId":"9cfc3bce-2ea3-4268-8e69-a02223d19353","method":"POST","route":"/functions/v1/api/v1/me/consent/grant","status":503,"durationMs":1}
=== matrix:consent_grant:rest:gateway_502_html → 503 pass
  error [api] Consent update: <html><head><title>502 Bad Gateway</title></head><body>502 Bad Gateway FI_LEAK_956f77c41261 upstream connect error</body></html>
  log {"evt":"api_request","requestId":"6b24b6af-21b4-4a68-bf2f-88c68e4b556b","method":"POST","route":"/functions/v1/api/v1/me/consent/grant","status":503,"durationMs":0}
=== matrix:consent_grant:rest:network_error → 503 pass
  error [api] Consent update: TypeError: error sending request for url (http://supabase.fi.test/rest/v1/consent_records): client error (Connect): dns error FI_LEAK_20976d211c1f
  log {"evt":"api_request","requestId":"2a795850-dc59-42d3-b373-8ba4c40336c0","method":"POST","route":"/functions/v1/api/v1/me/consent/grant","status":503,"durationMs":1}
=== matrix:consent_grant:rest:malformed_json → 503 pass
  error [api] Consent update: {"FI_LEAK_62a204a03215": tru
  log {"evt":"api_request","requestId":"ac25dcb0-679a-410f-8116-d854cbcb8420","method":"POST","route":"/functions/v1/api/v1/me/consent/grant","status":503,"durationMs":1}
=== matrix:consent_grant:rest:wrong_shape → 500 unhandled_500
  error [api] unhandled error (f0242eae-1c35-4b61-aafb-492a72f0793a): TypeError: rows.filter is not a function
  log {"evt":"api_request","requestId":"f0242eae-1c35-4b61-aafb-492a72f0793a","method":"POST","route":"/functions/v1/api/v1/me/consent/grant","status":500,"durationMs":1}
=== matrix:consent_grant:rest:empty_body → 200 degraded_ok
  log {"evt":"api_request","requestId":"35a06ad7-c051-47ef-b827-4b71d07822d4","method":"POST","route":"/functions/v1/api/v1/me/consent/grant","status":200,"durationMs":0}
=== matrix:consent_grant:rest:hang → TIMEOUT hang_unbounded
=== matrix:consent_grant:redis:error_500 → 200 degraded_ok
  log {"evt":"api_request","requestId":"e70152e1-b5cf-4949-9a82-9b05a61cb101","method":"POST","route":"/functions/v1/api/v1/me/consent/grant","status":200,"durationMs":1}
=== matrix:consent_grant:redis:unauthorized_401 → 200 degraded_ok
  log {"evt":"api_request","requestId":"b22504c2-ee48-4b39-86e1-1bc1a1d76f8d","method":"POST","route":"/functions/v1/api/v1/me/consent/grant","status":200,"durationMs":1}
=== matrix:consent_grant:redis:network_error → 200 degraded_ok
  log {"evt":"api_request","requestId":"9800ecb3-1899-49bd-9c2d-ad3767fad3bd","method":"POST","route":"/functions/v1/api/v1/me/consent/grant","status":200,"durationMs":1}
=== matrix:consent_grant:redis:malformed_json → 200 degraded_ok
  log {"evt":"api_request","requestId":"c79e3ca3-0654-4013-913b-e08b67566942","method":"POST","route":"/functions/v1/api/v1/me/consent/grant","status":200,"durationMs":1}
=== matrix:consent_grant:redis:wrong_shape → 200 degraded_ok
  log {"evt":"api_request","requestId":"5268e933-4c0c-47a5-907b-ebe7392e742f","method":"POST","route":"/functions/v1/api/v1/me/consent/grant","status":200,"durationMs":1}
=== matrix:consent_grant:redis:slow_300ms → 200 degraded_ok
  log {"evt":"api_request","requestId":"51c95424-37b4-4bb6-99e0-01576b875dfc","method":"POST","route":"/functions/v1/api/v1/me/consent/grant","status":200,"durationMs":1507}
=== matrix:consent_grant:redis:hang → 200 degraded_ok
  log {"evt":"api_request","requestId":"a55477f0-7489-48fc-85ff-c402768ca3e7","method":"POST","route":"/functions/v1/api/v1/me/consent/grant","status":200,"durationMs":6010}
=== matrix:consent_withdraw:auth:down_503 → 401 misclassified_auth_failure
  log {"evt":"api_request","requestId":"ec3159c4-1819-4b17-9088-3353a5512a27","method":"POST","route":"/functions/v1/api/v1/me/consent/withdraw","status":401,"durationMs":1}
=== matrix:consent_withdraw:auth:error_500 → 401 misclassified_auth_failure
  log {"evt":"api_request","requestId":"469d477f-ddb4-4038-8bd3-a95d3af5aa93","method":"POST","route":"/functions/v1/api/v1/me/consent/withdraw","status":401,"durationMs":0}
=== matrix:consent_withdraw:auth:gateway_502_html → 401 misclassified_auth_failure
  log {"evt":"api_request","requestId":"c1115787-8794-4661-ae00-3f46b138b240","method":"POST","route":"/functions/v1/api/v1/me/consent/withdraw","status":401,"durationMs":0}
=== matrix:consent_withdraw:auth:network_error → 401 misclassified_auth_failure
  log {"evt":"api_request","requestId":"c72669ed-a6ff-48bf-b336-7a6de4d293f7","method":"POST","route":"/functions/v1/api/v1/me/consent/withdraw","status":401,"durationMs":0}
=== matrix:consent_withdraw:auth:malformed_json → 401 misclassified_auth_failure
  log {"evt":"api_request","requestId":"67352bb2-4a40-438d-8ed2-66006d4fcdbc","method":"POST","route":"/functions/v1/api/v1/me/consent/withdraw","status":401,"durationMs":0}
=== matrix:consent_withdraw:auth:wrong_shape → 401 misclassified_auth_failure
  log {"evt":"api_request","requestId":"d725a8a0-2c07-4c7f-92b4-c67cd0bb3447","method":"POST","route":"/functions/v1/api/v1/me/consent/withdraw","status":401,"durationMs":0}
=== matrix:consent_withdraw:auth:empty_body → 401 misclassified_auth_failure
  log {"evt":"api_request","requestId":"df4780ee-6157-4c14-8b77-dc21f6f373db","method":"POST","route":"/functions/v1/api/v1/me/consent/withdraw","status":401,"durationMs":0}
=== matrix:consent_withdraw:auth:slow_1500ms → 200 degraded_ok
  log {"evt":"api_request","requestId":"1f936eea-9ac7-4c61-aa9e-5b5f1120b650","method":"POST","route":"/functions/v1/api/v1/me/consent/withdraw","status":200,"durationMs":1502}
=== matrix:consent_withdraw:auth:hang → TIMEOUT hang_unbounded
=== matrix:consent_withdraw:rest:error_500 → 503 pass
  error [api] Consent status: FI_LEAK_cc20cd35d0fe relation "public.secret_table" does not exist
  log {"evt":"api_request","requestId":"df17f3c4-a502-4693-b92b-bf8970dd581c","method":"POST","route":"/functions/v1/api/v1/me/consent/withdraw","status":503,"durationMs":1}
=== matrix:consent_withdraw:rest:down_503 → 503 pass
  error [api] Consent status: FI_LEAK_501d99616220 relation "public.secret_table" does not exist
  log {"evt":"api_request","requestId":"dd9aff6b-ae60-4f55-9774-6940afa62e06","method":"POST","route":"/functions/v1/api/v1/me/consent/withdraw","status":503,"durationMs":7005}
=== matrix:consent_withdraw:rest:gateway_502_html → 503 pass
  error [api] Consent status: <html><head><title>502 Bad Gateway</title></head><body>502 Bad Gateway FI_LEAK_2c5cb4cdce2f upstream connect error</body></html>
  log {"evt":"api_request","requestId":"6ecb707b-6a54-48fe-b57d-cdbc477e091e","method":"POST","route":"/functions/v1/api/v1/me/consent/withdraw","status":503,"durationMs":1}
=== matrix:consent_withdraw:rest:network_error → 503 pass
  error [api] Consent status: TypeError: error sending request for url (http://supabase.fi.test/rest/v1/consent_records?select=scope%2Caction%2Cconsent_version%2Ccreated_at&user_id=eq.c46dfffa-7496-4346-a494-fae3724961ce&order=created_at.asc%2Cid.asc): client error (Connect): dns error FI_LEAK_bcb788ed5e72
  log {"evt":"api_request","requestId":"e88b24a9-12d3-4269-8499-05b1b35f5562","method":"POST","route":"/functions/v1/api/v1/me/consent/withdraw","status":503,"durationMs":7005}
=== matrix:consent_withdraw:rest:malformed_json → 503 pass
  error [api] Consent status: {"FI_LEAK_09ff6acd7260": tru
  log {"evt":"api_request","requestId":"6776f71a-f31a-4620-a956-7968e43c291e","method":"POST","route":"/functions/v1/api/v1/me/consent/withdraw","status":503,"durationMs":1}
=== matrix:consent_withdraw:rest:wrong_shape → 500 unhandled_500
  error [api] unhandled error (d710f77d-b8bc-4800-b42c-1206a7a368d8): TypeError: before.filter is not a function
  log {"evt":"api_request","requestId":"d710f77d-b8bc-4800-b42c-1206a7a368d8","method":"POST","route":"/functions/v1/api/v1/me/consent/withdraw","status":500,"durationMs":1}
=== matrix:consent_withdraw:rest:empty_body → 200 degraded_ok
  log {"evt":"api_request","requestId":"31ad5289-b9b5-4427-b4c7-ec9da54b0b72","method":"POST","route":"/functions/v1/api/v1/me/consent/withdraw","status":200,"durationMs":1}
=== matrix:consent_withdraw:rest:hang → TIMEOUT hang_unbounded
=== matrix:consent_withdraw:redis:error_500 → 200 degraded_ok
  log {"evt":"api_request","requestId":"b9fc13cb-f204-4a65-960a-97bd960ddf16","method":"POST","route":"/functions/v1/api/v1/me/consent/withdraw","status":200,"durationMs":1}
=== matrix:consent_withdraw:redis:unauthorized_401 → 200 degraded_ok
  log {"evt":"api_request","requestId":"d4c6d235-96dd-40a3-a5c7-6b5c184cb781","method":"POST","route":"/functions/v1/api/v1/me/consent/withdraw","status":200,"durationMs":1}
=== matrix:consent_withdraw:redis:network_error → 200 degraded_ok
  log {"evt":"api_request","requestId":"df6cb2d6-dff8-445a-8881-a60c7bc62c59","method":"POST","route":"/functions/v1/api/v1/me/consent/withdraw","status":200,"durationMs":1}
=== matrix:consent_withdraw:redis:malformed_json → 200 degraded_ok
  log {"evt":"api_request","requestId":"60d9fd70-3136-4ec5-b67e-1512778c77d1","method":"POST","route":"/functions/v1/api/v1/me/consent/withdraw","status":200,"durationMs":1}
=== matrix:consent_withdraw:redis:wrong_shape → 200 degraded_ok
  log {"evt":"api_request","requestId":"c9a1afb2-cec1-49a9-9845-a57a76fdd859","method":"POST","route":"/functions/v1/api/v1/me/consent/withdraw","status":200,"durationMs":1}
=== matrix:consent_withdraw:redis:slow_300ms → 200 degraded_ok
  log {"evt":"api_request","requestId":"fcbf0335-ce97-4078-bea3-1a6a7f5af838","method":"POST","route":"/functions/v1/api/v1/me/consent/withdraw","status":200,"durationMs":1508}
=== matrix:consent_withdraw:redis:hang → 200 degraded_ok
  log {"evt":"api_request","requestId":"0593aed9-d020-4499-acdf-d4cf13f0a0e5","method":"POST","route":"/functions/v1/api/v1/me/consent/withdraw","status":200,"durationMs":6011}
=== matrix:delete_request:auth:down_503 → 401 misclassified_auth_failure
  log {"evt":"api_request","requestId":"a11cb879-07e7-409f-a280-24173511e156","method":"POST","route":"/functions/v1/api/v1/me/delete-request","status":401,"durationMs":0}
=== matrix:delete_request:auth:error_500 → 401 misclassified_auth_failure
  log {"evt":"api_request","requestId":"75feff54-9d17-48b1-8060-0285063a3403","method":"POST","route":"/functions/v1/api/v1/me/delete-request","status":401,"durationMs":0}
=== matrix:delete_request:auth:gateway_502_html → 401 misclassified_auth_failure
  log {"evt":"api_request","requestId":"dc61c19f-f148-4c8f-ae6f-46e7a651676c","method":"POST","route":"/functions/v1/api/v1/me/delete-request","status":401,"durationMs":0}
=== matrix:delete_request:auth:network_error → 401 misclassified_auth_failure
  log {"evt":"api_request","requestId":"943f1ff1-89b3-4d99-b34f-f8acc870cd27","method":"POST","route":"/functions/v1/api/v1/me/delete-request","status":401,"durationMs":0}
=== matrix:delete_request:auth:malformed_json → 401 misclassified_auth_failure
  log {"evt":"api_request","requestId":"30df4296-912b-4fb2-93c9-11225b3b92b7","method":"POST","route":"/functions/v1/api/v1/me/delete-request","status":401,"durationMs":0}
=== matrix:delete_request:auth:wrong_shape → 401 misclassified_auth_failure
  log {"evt":"api_request","requestId":"5cfcbf99-6fac-4a46-ad6e-c93c09813ab7","method":"POST","route":"/functions/v1/api/v1/me/delete-request","status":401,"durationMs":0}
=== matrix:delete_request:auth:empty_body → 401 misclassified_auth_failure
  log {"evt":"api_request","requestId":"d0da98e1-7e46-4e03-9855-ae2160ab3ae8","method":"POST","route":"/functions/v1/api/v1/me/delete-request","status":401,"durationMs":0}
=== matrix:delete_request:auth:slow_1500ms → 200 degraded_ok
  log {"evt":"api_request","requestId":"ff6a8b16-3bb4-48df-9fc8-43499c594a12","method":"POST","route":"/functions/v1/api/v1/me/delete-request","status":200,"durationMs":1502}
=== matrix:delete_request:auth:hang → TIMEOUT hang_unbounded
=== matrix:delete_request:rest:error_500 → 503 pass
  error [api] Account deletion: FI_LEAK_4ec96f2bd0fd relation "public.secret_table" does not exist
  log {"evt":"api_request","requestId":"9feeab7a-46da-400e-8b11-64ce6dfb0896","method":"POST","route":"/functions/v1/api/v1/me/delete-request","status":503,"durationMs":1}
=== matrix:delete_request:rest:down_503 → 503 pass
  error [api] Account deletion: FI_LEAK_20b2c5b0924d relation "public.secret_table" does not exist
  log {"evt":"api_request","requestId":"07235f8f-f929-4790-a0f8-0774a8b5da2b","method":"POST","route":"/functions/v1/api/v1/me/delete-request","status":503,"durationMs":1}
=== matrix:delete_request:rest:gateway_502_html → 503 pass
  error [api] Account deletion: <html><head><title>502 Bad Gateway</title></head><body>502 Bad Gateway FI_LEAK_226875b6d802 upstream connect error</body></html>
  log {"evt":"api_request","requestId":"99953d68-234a-4ea2-b232-ba55f328302b","method":"POST","route":"/functions/v1/api/v1/me/delete-request","status":503,"durationMs":1}
=== matrix:delete_request:rest:network_error → 503 pass
  error [api] Account deletion: TypeError: error sending request for url (http://supabase.fi.test/rest/v1/account_deletion_requests?on_conflict=user_id): client error (Connect): dns error FI_LEAK_eeab5682fa11
  log {"evt":"api_request","requestId":"5d28eb96-0f38-4672-809b-edf8256f9784","method":"POST","route":"/functions/v1/api/v1/me/delete-request","status":503,"durationMs":1}
=== matrix:delete_request:rest:malformed_json → 503 pass
  error [api] Account deletion: {"FI_LEAK_788f462a847e": tru
  log {"evt":"api_request","requestId":"383d156e-acee-453e-9997-19d0daa1645c","method":"POST","route":"/functions/v1/api/v1/me/delete-request","status":503,"durationMs":1}
=== matrix:delete_request:rest:wrong_shape → 200 degraded_ok
  log {"evt":"api_request","requestId":"258b08de-4673-4a0d-b1b0-492639a51e74","method":"POST","route":"/functions/v1/api/v1/me/delete-request","status":200,"durationMs":1}
=== matrix:delete_request:rest:empty_body → 200 degraded_ok
  log {"evt":"api_request","requestId":"7c776bd7-a5a1-4d19-a00e-943fbf47984b","method":"POST","route":"/functions/v1/api/v1/me/delete-request","status":200,"durationMs":1}
=== matrix:delete_request:rest:hang → TIMEOUT hang_unbounded
=== matrix:delete_request:redis:error_500 → 200 degraded_ok
  log {"evt":"api_request","requestId":"34f3c0af-15ac-43e4-b5e8-f09b57242081","method":"POST","route":"/functions/v1/api/v1/me/delete-request","status":200,"durationMs":1}
=== matrix:delete_request:redis:unauthorized_401 → 200 degraded_ok
  log {"evt":"api_request","requestId":"71faf2e2-fd67-4761-9994-9478e5d67253","method":"POST","route":"/functions/v1/api/v1/me/delete-request","status":200,"durationMs":1}
=== matrix:delete_request:redis:network_error → 200 degraded_ok
  log {"evt":"api_request","requestId":"b18be3e8-6331-40d2-8ec1-a5b0dc77bb31","method":"POST","route":"/functions/v1/api/v1/me/delete-request","status":200,"durationMs":1}
=== matrix:delete_request:redis:malformed_json → 200 degraded_ok
  log {"evt":"api_request","requestId":"9b10a044-1f83-4a77-883d-505476794315","method":"POST","route":"/functions/v1/api/v1/me/delete-request","status":200,"durationMs":1}
=== matrix:delete_request:redis:wrong_shape → 200 degraded_ok
  log {"evt":"api_request","requestId":"9c36131d-60da-495d-90b1-d46ed0d0cba8","method":"POST","route":"/functions/v1/api/v1/me/delete-request","status":200,"durationMs":1}
=== matrix:delete_request:redis:slow_300ms → 200 degraded_ok
  log {"evt":"api_request","requestId":"b2c57d15-cb87-4e1b-840a-ed12aa60737a","method":"POST","route":"/functions/v1/api/v1/me/delete-request","status":200,"durationMs":1507}
=== matrix:delete_request:redis:hang → 200 degraded_ok
  log {"evt":"api_request","requestId":"95c39b00-1d09-4dd1-9327-af2bf5215ed8","method":"POST","route":"/functions/v1/api/v1/me/delete-request","status":200,"durationMs":6008}
=== matrix:delete_confirm_google:auth:down_503 → 401 misclassified_auth_failure
  log {"evt":"api_request","requestId":"cc336252-db90-4311-bbbd-d4e36f229dd8","method":"POST","route":"/functions/v1/api/v1/me/delete-confirm","status":401,"durationMs":1}
=== matrix:delete_confirm_google:auth:error_500 → 401 misclassified_auth_failure
  log {"evt":"api_request","requestId":"e1e40831-c5d3-4651-b9fe-8cf474d62fa8","method":"POST","route":"/functions/v1/api/v1/me/delete-confirm","status":401,"durationMs":0}
=== matrix:delete_confirm_google:auth:gateway_502_html → 401 misclassified_auth_failure
  log {"evt":"api_request","requestId":"74105b03-8b9e-4cfd-802b-8fd2346bd1ad","method":"POST","route":"/functions/v1/api/v1/me/delete-confirm","status":401,"durationMs":0}
=== matrix:delete_confirm_google:auth:network_error → 401 misclassified_auth_failure
  log {"evt":"api_request","requestId":"b3c77f28-ec85-45cb-baad-c52fd26ad80d","method":"POST","route":"/functions/v1/api/v1/me/delete-confirm","status":401,"durationMs":0}
=== matrix:delete_confirm_google:auth:malformed_json → 401 misclassified_auth_failure
  log {"evt":"api_request","requestId":"c7a16e9d-0cd4-4077-bd4b-0568aa5bf848","method":"POST","route":"/functions/v1/api/v1/me/delete-confirm","status":401,"durationMs":0}
=== matrix:delete_confirm_google:auth:wrong_shape → 401 misclassified_auth_failure
  log {"evt":"api_request","requestId":"a1ffdf0c-bf59-4b3d-8a24-f74a291375b4","method":"POST","route":"/functions/v1/api/v1/me/delete-confirm","status":401,"durationMs":0}
=== matrix:delete_confirm_google:auth:empty_body → 401 misclassified_auth_failure
  log {"evt":"api_request","requestId":"47787650-560c-4b45-b019-441e37ce5b89","method":"POST","route":"/functions/v1/api/v1/me/delete-confirm","status":401,"durationMs":0}
=== matrix:delete_confirm_google:auth:slow_1500ms → 200 degraded_ok
  warn [api] account deleted: ee59deff-110b-4519-8960-3d935cb4ea1c
  log {"evt":"api_request","requestId":"b76bc0a1-0886-4cce-8207-8c05c19db95f","method":"POST","route":"/functions/v1/api/v1/me/delete-confirm","status":200,"durationMs":3004}
=== matrix:delete_confirm_google:auth:hang → TIMEOUT hang_unbounded
=== matrix:delete_confirm_google:rest:error_500 → 503 pass
  error [api] Account deletion: FI_LEAK_7a296a88dd32 relation "public.secret_table" does not exist
  log {"evt":"api_request","requestId":"8543cffa-d3d9-418f-9032-0654c58a0131","method":"POST","route":"/functions/v1/api/v1/me/delete-confirm","status":503,"durationMs":1}
=== matrix:delete_confirm_google:rest:down_503 → 503 pass
  error [api] Account deletion: FI_LEAK_5a38482897ec relation "public.secret_table" does not exist
  log {"evt":"api_request","requestId":"b5b689e0-2be3-412a-bc4e-d82cea963d20","method":"POST","route":"/functions/v1/api/v1/me/delete-confirm","status":503,"durationMs":7005}
=== matrix:delete_confirm_google:rest:gateway_502_html → 503 pass
  error [api] Account deletion: <html><head><title>502 Bad Gateway</title></head><body>502 Bad Gateway FI_LEAK_46840297b774 upstream connect error</body></html>
  log {"evt":"api_request","requestId":"c9099954-ab93-4e02-8feb-c6ff73e0434b","method":"POST","route":"/functions/v1/api/v1/me/delete-confirm","status":503,"durationMs":1}
=== matrix:delete_confirm_google:rest:network_error → 503 pass
  error [api] Account deletion: TypeError: error sending request for url (http://supabase.fi.test/rest/v1/account_deletion_requests?select=challenge%2Ccreated_at%2Cexpires_at&user_id=eq.6214b14c-36e1-4f96-8123-c4c20901ad23): client error (Connect): dns error FI_LEAK_0c063f527733
  log {"evt":"api_request","requestId":"ff20be4b-ffa1-4304-9189-20a3a44a62cb","method":"POST","route":"/functions/v1/api/v1/me/delete-confirm","status":503,"durationMs":7005}
=== matrix:delete_confirm_google:rest:malformed_json → 503 pass
  error [api] Account deletion: {"FI_LEAK_c045a327e1ef": tru
  log {"evt":"api_request","requestId":"f5bbed9d-f2a0-4b36-97e5-12fdee29a224","method":"POST","route":"/functions/v1/api/v1/me/delete-confirm","status":503,"durationMs":1}
=== matrix:delete_confirm_google:rest:wrong_shape → 403 degraded_ok
  log {"evt":"api_request","requestId":"60e97cc4-d369-4ce3-99df-135c4fec673e","method":"POST","route":"/functions/v1/api/v1/me/delete-confirm","status":403,"durationMs":1,"code":"account.deletion_challenge_invalid"}
=== matrix:delete_confirm_google:rest:empty_body → 403 degraded_ok
  log {"evt":"api_request","requestId":"74dd37cc-b05d-4ec8-a4e0-17db4cfb4bcb","method":"POST","route":"/functions/v1/api/v1/me/delete-confirm","status":403,"durationMs":1,"code":"account.deletion_challenge_invalid"}
=== matrix:delete_confirm_google:rest:hang → TIMEOUT hang_unbounded
=== matrix:delete_confirm_google:redis:error_500 → 200 degraded_ok
  warn [api] account deleted: 85431892-4ee9-43b8-a420-d234e8942a06
  log {"evt":"api_request","requestId":"2c7093f0-2fe8-482e-a462-f81566180411","method":"POST","route":"/functions/v1/api/v1/me/delete-confirm","status":200,"durationMs":2}
=== matrix:delete_confirm_google:redis:unauthorized_401 → 200 degraded_ok
  warn [api] account deleted: 52ac3120-a327-4629-83f2-25e8a05db4da
  log {"evt":"api_request","requestId":"4c043c58-33da-4d65-9324-a9e65de01e5e","method":"POST","route":"/functions/v1/api/v1/me/delete-confirm","status":200,"durationMs":1}
=== matrix:delete_confirm_google:redis:network_error → 200 degraded_ok
  warn [api] account deleted: 749893a4-f65a-49da-8018-e18b4a642e46
  log {"evt":"api_request","requestId":"1f35a4b6-eb12-4d96-ae7c-35b82d35adc6","method":"POST","route":"/functions/v1/api/v1/me/delete-confirm","status":200,"durationMs":1}
=== matrix:delete_confirm_google:redis:malformed_json → 200 degraded_ok
  warn [api] account deleted: e000898f-4f28-41d2-bb75-7fff14c67442
  log {"evt":"api_request","requestId":"e2dd5228-cfcc-41ba-8094-a23d831357d6","method":"POST","route":"/functions/v1/api/v1/me/delete-confirm","status":200,"durationMs":1}
=== matrix:delete_confirm_google:redis:wrong_shape → 200 degraded_ok
  warn [api] account deleted: aff080cb-a41b-4ac2-8140-53b047a682d2
  log {"evt":"api_request","requestId":"9880ffff-aebf-4e0f-8b7f-546bdd709f4d","method":"POST","route":"/functions/v1/api/v1/me/delete-confirm","status":200,"durationMs":1}
=== matrix:delete_confirm_google:redis:slow_300ms → 200 degraded_ok
  warn [api] account deleted: 9f0b6722-ba32-4474-a5c0-7105b7e45218
  log {"evt":"api_request","requestId":"3cafb9b0-23b8-4d34-9d61-f8d9911085af","method":"POST","route":"/functions/v1/api/v1/me/delete-confirm","status":200,"durationMs":1809}
=== matrix:delete_confirm_google:redis:hang → 200 degraded_ok
  warn [api] account deleted: dd291efa-d028-4cd4-b524-4186fda7b803
  log {"evt":"api_request","requestId":"9c615d73-8e3e-49f1-bac6-c3e2a2d6eeca","method":"POST","route":"/functions/v1/api/v1/me/delete-confirm","status":200,"durationMs":7210}
=== matrix:delete_confirm_google:revenuecat:error_500 → 503 pass
  error [api] Account deletion: RevenueCat customer deletion failed (500).
  log {"evt":"api_request","requestId":"39d804fd-72a1-4f63-bae3-41afd4f9bb63","method":"POST","route":"/functions/v1/api/v1/me/delete-confirm","status":503,"durationMs":1}
=== matrix:delete_confirm_google:revenuecat:gateway_502_html → 503 pass
  error [api] Account deletion: RevenueCat customer deletion failed (502).
  log {"evt":"api_request","requestId":"dcd7b99f-78ea-4483-8c8d-7ba6463e7a1d","method":"POST","route":"/functions/v1/api/v1/me/delete-confirm","status":503,"durationMs":1}
=== matrix:delete_confirm_google:revenuecat:network_error → 503 pass
  error [api] Account deletion: revenuecat could not be reached.
  log {"evt":"api_request","requestId":"a434405b-547b-4619-b72c-deecc0ce36cb","method":"POST","route":"/functions/v1/api/v1/me/delete-confirm","status":503,"durationMs":1}
=== matrix:delete_confirm_google:revenuecat:malformed_json → 200 degraded_ok
  warn [api] account deleted: 8d7e277e-9b49-402c-8374-86a3a8c8fc72
  log {"evt":"api_request","requestId":"b032b648-d106-431e-8e8b-8165cd8850a0","method":"POST","route":"/functions/v1/api/v1/me/delete-confirm","status":200,"durationMs":1}
=== matrix:delete_confirm_google:revenuecat:wrong_shape → 200 degraded_ok
  warn [api] account deleted: fe856567-9021-494c-8d89-b4bd31764a7d
  log {"evt":"api_request","requestId":"601ffb5d-d620-4fad-955b-bf7f4a024968","method":"POST","route":"/functions/v1/api/v1/me/delete-confirm","status":200,"durationMs":1}
=== matrix:delete_confirm_google:revenuecat:empty_body → 200 degraded_ok
  warn [api] account deleted: 1b16c473-94f2-45d8-9c67-5a1635c206bc
  log {"evt":"api_request","requestId":"8af01a5b-3229-4d1f-b00b-dee72e567ab5","method":"POST","route":"/functions/v1/api/v1/me/delete-confirm","status":200,"durationMs":1}
=== matrix:delete_confirm_google:revenuecat:slow_2000ms → 200 degraded_ok
  warn [api] account deleted: a7baa995-20eb-419d-893c-f10d27a211d0
  log {"evt":"api_request","requestId":"0d9a8fcd-2b15-4da8-83ed-1c7bdc3039c3","method":"POST","route":"/functions/v1/api/v1/me/delete-confirm","status":200,"durationMs":2004}
=== matrix:delete_confirm_google:revenuecat:hang → 503 pass
  error [api] Account deletion: revenuecat could not be reached.
  log {"evt":"api_request","requestId":"ffd2896c-ebfb-4cbf-b64c-73442f1de0bd","method":"POST","route":"/functions/v1/api/v1/me/delete-confirm","status":503,"durationMs":15010}
=== matrix:delete_confirm_apple:auth:down_503 → 401 misclassified_auth_failure
  log {"evt":"api_request","requestId":"43460018-fb78-434f-9e16-3f60821169d8","method":"POST","route":"/functions/v1/api/v1/me/delete-confirm","status":401,"durationMs":1}
=== matrix:delete_confirm_apple:auth:error_500 → 401 misclassified_auth_failure
  log {"evt":"api_request","requestId":"6571a68b-03b6-49bc-bc66-8e511332d5a1","method":"POST","route":"/functions/v1/api/v1/me/delete-confirm","status":401,"durationMs":1}
=== matrix:delete_confirm_apple:auth:gateway_502_html → 401 misclassified_auth_failure
  log {"evt":"api_request","requestId":"70bc7020-edbb-4953-a4d0-fd22c6db3b31","method":"POST","route":"/functions/v1/api/v1/me/delete-confirm","status":401,"durationMs":0}
=== matrix:delete_confirm_apple:auth:network_error → 401 misclassified_auth_failure
  log {"evt":"api_request","requestId":"b028ad22-8978-409b-a67f-df9bd7656a75","method":"POST","route":"/functions/v1/api/v1/me/delete-confirm","status":401,"durationMs":0}
=== matrix:delete_confirm_apple:auth:malformed_json → 401 misclassified_auth_failure
  log {"evt":"api_request","requestId":"dc21c188-fd62-4896-b907-cd69f977a10a","method":"POST","route":"/functions/v1/api/v1/me/delete-confirm","status":401,"durationMs":0}
=== matrix:delete_confirm_apple:auth:wrong_shape → 401 misclassified_auth_failure
  log {"evt":"api_request","requestId":"c41cecab-e4c2-4f56-bd21-7e031e3fdec8","method":"POST","route":"/functions/v1/api/v1/me/delete-confirm","status":401,"durationMs":0}
=== matrix:delete_confirm_apple:auth:empty_body → 401 misclassified_auth_failure
  log {"evt":"api_request","requestId":"c20e6abd-0e06-46fd-bfb9-4ee3a259e050","method":"POST","route":"/functions/v1/api/v1/me/delete-confirm","status":401,"durationMs":0}
=== matrix:delete_confirm_apple:auth:slow_1500ms → 200 degraded_ok
  warn [api] account deleted: 2997528b-5c92-4c11-b465-d8f4b6f68f78
  log {"evt":"api_request","requestId":"24b912c2-4a87-41eb-a4e5-635db338e413","method":"POST","route":"/functions/v1/api/v1/me/delete-confirm","status":200,"durationMs":3008}
=== matrix:delete_confirm_apple:auth:hang → TIMEOUT hang_unbounded
=== matrix:delete_confirm_apple:rest:error_500 → 503 pass
  error [api] Account deletion: FI_LEAK_2bc955433bcf relation "public.secret_table" does not exist
  log {"evt":"api_request","requestId":"15b17258-122e-4cc3-a5ed-5dc17b83e540","method":"POST","route":"/functions/v1/api/v1/me/delete-confirm","status":503,"durationMs":1}
=== matrix:delete_confirm_apple:rest:down_503 → 503 pass
  error [api] Account deletion: FI_LEAK_790b55dc95e8 relation "public.secret_table" does not exist
  log {"evt":"api_request","requestId":"91ba437d-e72c-4b9d-8bd2-d37f739e5652","method":"POST","route":"/functions/v1/api/v1/me/delete-confirm","status":503,"durationMs":7008}
=== matrix:delete_confirm_apple:rest:gateway_502_html → 503 pass
  error [api] Account deletion: <html><head><title>502 Bad Gateway</title></head><body>502 Bad Gateway FI_LEAK_8fdb5d0f48c1 upstream connect error</body></html>
  log {"evt":"api_request","requestId":"181cb331-26c2-40df-8a20-2fbe4d4534c3","method":"POST","route":"/functions/v1/api/v1/me/delete-confirm","status":503,"durationMs":1}
=== matrix:delete_confirm_apple:rest:network_error → 503 pass
  error [api] Account deletion: TypeError: error sending request for url (http://supabase.fi.test/rest/v1/account_deletion_requests?select=challenge%2Ccreated_at%2Cexpires_at&user_id=eq.ecd02107-04ae-4cf6-b9a2-2721ac074114): client error (Connect): dns error FI_LEAK_32ffda0fc214
  log {"evt":"api_request","requestId":"d27a2696-05e9-4a81-a342-a5e3c4b7010e","method":"POST","route":"/functions/v1/api/v1/me/delete-confirm","status":503,"durationMs":7018}
=== matrix:delete_confirm_apple:rest:malformed_json → 503 pass
  error [api] Account deletion: {"FI_LEAK_80bede749997": tru
  log {"evt":"api_request","requestId":"585a412d-be74-481e-aec4-47315a6bd9b2","method":"POST","route":"/functions/v1/api/v1/me/delete-confirm","status":503,"durationMs":1}
=== matrix:delete_confirm_apple:rest:wrong_shape → 403 degraded_ok
  log {"evt":"api_request","requestId":"13e2ce47-b68c-419e-b282-f7b83d4b4a66","method":"POST","route":"/functions/v1/api/v1/me/delete-confirm","status":403,"durationMs":1,"code":"account.deletion_challenge_invalid"}
=== matrix:delete_confirm_apple:rest:empty_body → 403 degraded_ok
  log {"evt":"api_request","requestId":"f96808fe-3329-4010-922e-864e78b7b03f","method":"POST","route":"/functions/v1/api/v1/me/delete-confirm","status":403,"durationMs":1,"code":"account.deletion_challenge_invalid"}
=== matrix:delete_confirm_apple:rest:hang → TIMEOUT hang_unbounded
=== matrix:delete_confirm_apple:redis:error_500 → 200 degraded_ok
  warn [api] account deleted: 18968532-6e6d-4e8e-ad00-0ac30ffceeb8
  log {"evt":"api_request","requestId":"bca8f841-bf8b-4263-9f4b-8439799b11d0","method":"POST","route":"/functions/v1/api/v1/me/delete-confirm","status":200,"durationMs":3}
=== matrix:delete_confirm_apple:redis:unauthorized_401 → 200 degraded_ok
  warn [api] account deleted: 53f51235-a571-4663-a2e4-b7fd0d9a202c
  log {"evt":"api_request","requestId":"f57c2093-c4d6-48e1-9d16-b21cbb04f1b2","method":"POST","route":"/functions/v1/api/v1/me/delete-confirm","status":200,"durationMs":2}
=== matrix:delete_confirm_apple:redis:network_error → 200 degraded_ok
  warn [api] account deleted: 01d31acf-8e98-4470-b3c4-eb4b3caf2445
  log {"evt":"api_request","requestId":"e220a4fe-4609-49d8-af2e-e1c836448b09","method":"POST","route":"/functions/v1/api/v1/me/delete-confirm","status":200,"durationMs":2}
=== matrix:delete_confirm_apple:redis:malformed_json → 200 degraded_ok
  warn [api] account deleted: e3975132-5930-4d36-a453-fe3f525837ae
  log {"evt":"api_request","requestId":"7e682f87-b21b-4af6-aed0-2139f210efe7","method":"POST","route":"/functions/v1/api/v1/me/delete-confirm","status":200,"durationMs":2}
=== matrix:delete_confirm_apple:redis:wrong_shape → 200 degraded_ok
  warn [api] account deleted: de4a7ed3-c6a7-4fe3-9047-f8c0aaa0fae1
  log {"evt":"api_request","requestId":"5cfe8546-bc97-47f8-b813-3fe3286d4ebe","method":"POST","route":"/functions/v1/api/v1/me/delete-confirm","status":200,"durationMs":2}
=== matrix:delete_confirm_apple:redis:slow_300ms → 200 degraded_ok
  warn [api] account deleted: a34da5ac-9261-4790-8f8b-1eb0d4162378
  log {"evt":"api_request","requestId":"43b7e786-fcd7-4acf-9a9f-1102fe4e771e","method":"POST","route":"/functions/v1/api/v1/me/delete-confirm","status":200,"durationMs":1813}
=== matrix:delete_confirm_apple:redis:hang → 200 degraded_ok
  warn [api] account deleted: 4dd4cd7c-d193-409d-af54-b2640da00b17
  log {"evt":"api_request","requestId":"c039725e-92c2-4a8d-a667-e3be0ad2d629","method":"POST","route":"/functions/v1/api/v1/me/delete-confirm","status":200,"durationMs":7217}
=== matrix:delete_confirm_apple:revenuecat:error_500 → 503 pass
  error [api] Account deletion: RevenueCat customer deletion failed (500).
  log {"evt":"api_request","requestId":"4ba27013-f742-41ab-9c3c-04d7a0110dcd","method":"POST","route":"/functions/v1/api/v1/me/delete-confirm","status":503,"durationMs":2}
=== matrix:delete_confirm_apple:revenuecat:gateway_502_html → 503 pass
  error [api] Account deletion: RevenueCat customer deletion failed (502).
  log {"evt":"api_request","requestId":"8cbf2be8-b091-49ec-9231-83870e4dc1a5","method":"POST","route":"/functions/v1/api/v1/me/delete-confirm","status":503,"durationMs":2}
=== matrix:delete_confirm_apple:revenuecat:network_error → 503 pass
  error [api] Account deletion: revenuecat could not be reached.
  log {"evt":"api_request","requestId":"253ab301-8c7c-409f-96a0-1e662837d05a","method":"POST","route":"/functions/v1/api/v1/me/delete-confirm","status":503,"durationMs":2}
=== matrix:delete_confirm_apple:revenuecat:malformed_json → 200 degraded_ok
  warn [api] account deleted: a58c27ee-3aa2-47cd-a636-3cec017322f1
  log {"evt":"api_request","requestId":"e405a6a2-61cc-4a9e-bbc0-6011e4c34029","method":"POST","route":"/functions/v1/api/v1/me/delete-confirm","status":200,"durationMs":3}
=== matrix:delete_confirm_apple:revenuecat:wrong_shape → 200 degraded_ok
  warn [api] account deleted: 218d6e34-8e58-4412-b660-b2cf51082e5b
  log {"evt":"api_request","requestId":"7fbf4560-3b38-4ee9-9d4f-8b5b73c00206","method":"POST","route":"/functions/v1/api/v1/me/delete-confirm","status":200,"durationMs":2}
=== matrix:delete_confirm_apple:revenuecat:empty_body → 200 degraded_ok
  warn [api] account deleted: d1c837fc-c08d-48ff-b11d-2cb9b3b47b97
  log {"evt":"api_request","requestId":"e88c762d-d21f-4014-9d93-957e04a6a16e","method":"POST","route":"/functions/v1/api/v1/me/delete-confirm","status":200,"durationMs":2}
=== matrix:delete_confirm_apple:revenuecat:slow_2000ms → 200 degraded_ok
  warn [api] account deleted: a10108ad-d7bf-47bf-aa72-4a079ed20b44
  log {"evt":"api_request","requestId":"9c24ff3d-0148-46ae-80a3-91e64617bf2b","method":"POST","route":"/functions/v1/api/v1/me/delete-confirm","status":200,"durationMs":2004}
=== matrix:delete_confirm_apple:revenuecat:hang → 503 pass
  error [api] Account deletion: revenuecat could not be reached.
  log {"evt":"api_request","requestId":"751cfa99-0385-4eb8-862f-0f9abac68b55","method":"POST","route":"/functions/v1/api/v1/me/delete-confirm","status":503,"durationMs":15004}
=== matrix:delete_confirm_apple:apple:error_500 → 503 pass
  error [api] Account deletion: Apple token revocation failed (500 server_error).
  log {"evt":"api_request","requestId":"19f84d50-3c0f-413f-9efc-10c42be48182","method":"POST","route":"/functions/v1/api/v1/me/delete-confirm","status":503,"durationMs":3}
=== matrix:delete_confirm_apple:apple:network_error → 503 pass
  error [api] Account deletion: apple could not be reached.
  log {"evt":"api_request","requestId":"dfa9ed9a-c600-46d5-90f5-e53a7850ade0","method":"POST","route":"/functions/v1/api/v1/me/delete-confirm","status":503,"durationMs":2}
=== matrix:delete_confirm_apple:apple:malformed_json → 200 degraded_ok
  warn [api] account deleted: 3c193cdb-6cbe-4d32-8a06-a2cea5d86451
  log {"evt":"api_request","requestId":"77e6aa5d-b214-4a84-ae41-0fe80718d84d","method":"POST","route":"/functions/v1/api/v1/me/delete-confirm","status":200,"durationMs":3}
=== matrix:delete_confirm_apple:apple:wrong_shape → 200 degraded_ok
  warn [api] account deleted: 6e8ce7dc-e9c9-40ce-bc91-abfccaeda024
  log {"evt":"api_request","requestId":"96334d19-34a1-4eec-b96d-68725b4dd206","method":"POST","route":"/functions/v1/api/v1/me/delete-confirm","status":200,"durationMs":2}
=== matrix:delete_confirm_apple:apple:invalid_grant_400 → 503 pass
  error [api] Account deletion: Apple token revocation failed (400 invalid_grant).
  log {"evt":"api_request","requestId":"bfd3bb83-a863-4e38-b401-fe18925d0774","method":"POST","route":"/functions/v1/api/v1/me/delete-confirm","status":503,"durationMs":2}
=== matrix:saved_drills_list:auth:down_503 → 401 misclassified_auth_failure
  log {"evt":"api_request","requestId":"5d987b7a-6846-4b20-b23d-c9c42463ff7c","method":"GET","route":"/functions/v1/api/v1/me/saved-drills","status":401,"durationMs":0}
=== matrix:saved_drills_list:auth:error_500 → 401 misclassified_auth_failure
  log {"evt":"api_request","requestId":"27888fe4-bc77-4d6a-859b-8f577d400c25","method":"GET","route":"/functions/v1/api/v1/me/saved-drills","status":401,"durationMs":0}
=== matrix:saved_drills_list:auth:gateway_502_html → 401 misclassified_auth_failure
  log {"evt":"api_request","requestId":"f77ab404-bcf2-4dc9-ab91-a4ae436e6e05","method":"GET","route":"/functions/v1/api/v1/me/saved-drills","status":401,"durationMs":0}
=== matrix:saved_drills_list:auth:network_error → 401 misclassified_auth_failure
  log {"evt":"api_request","requestId":"2baf1538-3b0b-4b5a-b8b3-07ee8b7c1169","method":"GET","route":"/functions/v1/api/v1/me/saved-drills","status":401,"durationMs":0}
=== matrix:saved_drills_list:auth:malformed_json → 401 misclassified_auth_failure
  log {"evt":"api_request","requestId":"fdaf7992-7583-45fc-bda3-58a7512fafb6","method":"GET","route":"/functions/v1/api/v1/me/saved-drills","status":401,"durationMs":0}
=== matrix:saved_drills_list:auth:wrong_shape → 401 misclassified_auth_failure
  log {"evt":"api_request","requestId":"0b560724-358e-4106-98e1-016a6b3ccdef","method":"GET","route":"/functions/v1/api/v1/me/saved-drills","status":401,"durationMs":0}
=== matrix:saved_drills_list:auth:empty_body → 401 misclassified_auth_failure
  log {"evt":"api_request","requestId":"f2e257b8-e9f2-47f0-b55d-b3adf81e044f","method":"GET","route":"/functions/v1/api/v1/me/saved-drills","status":401,"durationMs":0}
=== matrix:saved_drills_list:auth:slow_1500ms → 200 degraded_ok
  log {"evt":"api_request","requestId":"70967f33-2966-4de8-b25e-2894ef4f86a4","method":"GET","route":"/functions/v1/api/v1/me/saved-drills","status":200,"durationMs":1502}
=== matrix:saved_drills_list:auth:hang → TIMEOUT hang_unbounded
=== matrix:saved_drills_list:rest:error_500 → 503 pass
  error [api] Saved drills: FI_LEAK_04d162603f7b relation "public.secret_table" does not exist
  log {"evt":"api_request","requestId":"c7d8068d-645f-4087-80b7-42abfc8d91bb","method":"GET","route":"/functions/v1/api/v1/me/saved-drills","status":503,"durationMs":1}
=== matrix:saved_drills_list:rest:down_503 → 503 pass
  error [api] Saved drills: FI_LEAK_4b033ffad27b relation "public.secret_table" does not exist
  log {"evt":"api_request","requestId":"ee6b8e1f-4842-42aa-bdec-03a7eb641c9c","method":"GET","route":"/functions/v1/api/v1/me/saved-drills","status":503,"durationMs":7005}
=== matrix:saved_drills_list:rest:gateway_502_html → 503 pass
  error [api] Saved drills: <html><head><title>502 Bad Gateway</title></head><body>502 Bad Gateway FI_LEAK_c99f14214ce1 upstream connect error</body></html>
  log {"evt":"api_request","requestId":"2fe16a4c-ea06-471f-9938-ec289fa660c4","method":"GET","route":"/functions/v1/api/v1/me/saved-drills","status":503,"durationMs":1}
=== matrix:saved_drills_list:rest:network_error → 503 pass
  error [api] Saved drills: TypeError: error sending request for url (http://supabase.fi.test/rest/v1/user_saved_drills?select=slug%2Csaved_at&user_id=eq.8a68cb2b-65be-477e-992c-6351799c8cd9&order=saved_at.desc): client error (Connect): dns error FI_LEAK_e3e4948d9f0f
  log {"evt":"api_request","requestId":"24958cfc-f818-4ed7-a306-be4776a7a1af","method":"GET","route":"/functions/v1/api/v1/me/saved-drills","status":503,"durationMs":7005}
=== matrix:saved_drills_list:rest:malformed_json → 503 pass
  error [api] Saved drills: {"FI_LEAK_35e2222e5f40": tru
  log {"evt":"api_request","requestId":"ef47a774-43dd-4d52-bce3-9657395a6d0c","method":"GET","route":"/functions/v1/api/v1/me/saved-drills","status":503,"durationMs":1}
=== matrix:saved_drills_list:rest:wrong_shape → 500 unhandled_500
  error [api] unhandled error (f084442d-f05b-4710-954d-4b9e207c37c2): TypeError: (rows.data ?? []).map is not a function
  log {"evt":"api_request","requestId":"f084442d-f05b-4710-954d-4b9e207c37c2","method":"GET","route":"/functions/v1/api/v1/me/saved-drills","status":500,"durationMs":1}
=== matrix:saved_drills_list:rest:empty_body → 200 degraded_ok
  log {"evt":"api_request","requestId":"23ca6025-565c-417e-b0e6-a6ef9a49e85e","method":"GET","route":"/functions/v1/api/v1/me/saved-drills","status":200,"durationMs":1}
=== matrix:saved_drills_list:rest:hang → TIMEOUT hang_unbounded
=== matrix:saved_drills_list:redis:error_500 → 200 degraded_ok
  log {"evt":"api_request","requestId":"b5faa07e-4bc4-45a0-88ec-77b7a2314ec5","method":"GET","route":"/functions/v1/api/v1/me/saved-drills","status":200,"durationMs":1}
=== matrix:saved_drills_list:redis:unauthorized_401 → 200 degraded_ok
  log {"evt":"api_request","requestId":"6116b596-9423-4e0b-bc4a-a2ed31b2dfc2","method":"GET","route":"/functions/v1/api/v1/me/saved-drills","status":200,"durationMs":1}
=== matrix:saved_drills_list:redis:network_error → 200 degraded_ok
  log {"evt":"api_request","requestId":"f5167c73-a68d-47a4-ac85-970f1841c35c","method":"GET","route":"/functions/v1/api/v1/me/saved-drills","status":200,"durationMs":1}
=== matrix:saved_drills_list:redis:malformed_json → 200 degraded_ok
  log {"evt":"api_request","requestId":"ad95adc1-b517-4bb1-8964-f80495181157","method":"GET","route":"/functions/v1/api/v1/me/saved-drills","status":200,"durationMs":1}
=== matrix:saved_drills_list:redis:wrong_shape → 200 degraded_ok
  log {"evt":"api_request","requestId":"e23c610d-ad59-487f-a235-898b98dbe854","method":"GET","route":"/functions/v1/api/v1/me/saved-drills","status":200,"durationMs":1}
=== matrix:saved_drills_list:redis:slow_300ms → 200 degraded_ok
  log {"evt":"api_request","requestId":"78207b03-23e9-46f4-9cb7-f0e4ffd7c11f","method":"GET","route":"/functions/v1/api/v1/me/saved-drills","status":200,"durationMs":1507}
=== matrix:saved_drills_list:redis:hang → 200 degraded_ok
  log {"evt":"api_request","requestId":"fdcc726e-4e49-4e6e-b41d-9213317fdf0f","method":"GET","route":"/functions/v1/api/v1/me/saved-drills","status":200,"durationMs":6008}
=== matrix:saved_drills_save:auth:down_503 → 401 misclassified_auth_failure
  log {"evt":"api_request","requestId":"874bfd15-a4ec-4806-b153-b253efeb36f3","method":"PUT","route":"/functions/v1/api/v1/me/saved-drills/wall-dink-rally","status":401,"durationMs":1}
=== matrix:saved_drills_save:auth:error_500 → 401 misclassified_auth_failure
  log {"evt":"api_request","requestId":"9cb6d3ff-5d79-439e-9d4d-c9a25ed0eaf2","method":"PUT","route":"/functions/v1/api/v1/me/saved-drills/wall-dink-rally","status":401,"durationMs":0}
=== matrix:saved_drills_save:auth:gateway_502_html → 401 misclassified_auth_failure
  log {"evt":"api_request","requestId":"19e54c2b-4005-4ee8-aead-d4a181ca4b61","method":"PUT","route":"/functions/v1/api/v1/me/saved-drills/wall-dink-rally","status":401,"durationMs":1}
=== matrix:saved_drills_save:auth:network_error → 401 misclassified_auth_failure
  log {"evt":"api_request","requestId":"ad4cae2d-d17c-4940-a9ee-3c0e89d56a61","method":"PUT","route":"/functions/v1/api/v1/me/saved-drills/wall-dink-rally","status":401,"durationMs":1}
=== matrix:saved_drills_save:auth:malformed_json → 401 misclassified_auth_failure
  log {"evt":"api_request","requestId":"31b68ee9-b59d-4b8e-9d14-85f726d2c86c","method":"PUT","route":"/functions/v1/api/v1/me/saved-drills/wall-dink-rally","status":401,"durationMs":0}
=== matrix:saved_drills_save:auth:wrong_shape → 401 misclassified_auth_failure
  log {"evt":"api_request","requestId":"79b5d11a-3a00-4deb-bcf2-be7e1e2acf39","method":"PUT","route":"/functions/v1/api/v1/me/saved-drills/wall-dink-rally","status":401,"durationMs":0}
=== matrix:saved_drills_save:auth:empty_body → 401 misclassified_auth_failure
  log {"evt":"api_request","requestId":"c43356a5-eed2-402c-8592-d23bfef96555","method":"PUT","route":"/functions/v1/api/v1/me/saved-drills/wall-dink-rally","status":401,"durationMs":0}
=== matrix:saved_drills_save:auth:slow_1500ms → 200 degraded_ok
  log {"evt":"api_request","requestId":"2ed5603c-5e81-4ef2-84eb-0cfa83baff30","method":"PUT","route":"/functions/v1/api/v1/me/saved-drills/wall-dink-rally","status":200,"durationMs":1502}
=== matrix:saved_drills_save:auth:hang → TIMEOUT hang_unbounded
=== matrix:saved_drills_save:rest:error_500 → 503 pass
  error [api] Drill save: FI_LEAK_0b12396c7a4d relation "public.secret_table" does not exist
  log {"evt":"api_request","requestId":"1eeb4d27-48ef-49fc-affe-60985383262b","method":"PUT","route":"/functions/v1/api/v1/me/saved-drills/wall-dink-rally","status":503,"durationMs":1}
=== matrix:saved_drills_save:rest:down_503 → 503 pass
  error [api] Drill save: FI_LEAK_cad95ef91c05 relation "public.secret_table" does not exist
  log {"evt":"api_request","requestId":"fce1a481-3ad0-4d13-9c8d-10a7be5172da","method":"PUT","route":"/functions/v1/api/v1/me/saved-drills/wall-dink-rally","status":503,"durationMs":1}
=== matrix:saved_drills_save:rest:gateway_502_html → 503 pass
  error [api] Drill save: <html><head><title>502 Bad Gateway</title></head><body>502 Bad Gateway FI_LEAK_f49ef1fb6f70 upstream connect error</body></html>
  log {"evt":"api_request","requestId":"f7e9cce3-0020-437f-93ad-4a215e8ce8ee","method":"PUT","route":"/functions/v1/api/v1/me/saved-drills/wall-dink-rally","status":503,"durationMs":1}
=== matrix:saved_drills_save:rest:network_error → 503 pass
  error [api] Drill save: TypeError: error sending request for url (http://supabase.fi.test/rest/v1/user_saved_drills?on_conflict=user_id%2Cslug): client error (Connect): dns error FI_LEAK_de0e9cc3fd73
  log {"evt":"api_request","requestId":"6fb9c265-27f4-4e41-a910-d02fe152d812","method":"PUT","route":"/functions/v1/api/v1/me/saved-drills/wall-dink-rally","status":503,"durationMs":1}
=== matrix:saved_drills_save:rest:malformed_json → 503 pass
  error [api] Drill save: {"FI_LEAK_ae860ecf2e59": tru
  log {"evt":"api_request","requestId":"65ff8e07-f79d-4e2a-9d63-68534bbc0385","method":"PUT","route":"/functions/v1/api/v1/me/saved-drills/wall-dink-rally","status":503,"durationMs":1}
=== matrix:saved_drills_save:rest:wrong_shape → 200 degraded_ok
  log {"evt":"api_request","requestId":"029de6e2-b924-4ac8-af28-0d796095876a","method":"PUT","route":"/functions/v1/api/v1/me/saved-drills/wall-dink-rally","status":200,"durationMs":1}
=== matrix:saved_drills_save:rest:empty_body → 503 pass
  error [api] Drill save: (no detail)
  log {"evt":"api_request","requestId":"015f111b-75ae-4d2e-ba60-8e1c06019320","method":"PUT","route":"/functions/v1/api/v1/me/saved-drills/wall-dink-rally","status":503,"durationMs":0}
=== matrix:saved_drills_save:rest:hang → TIMEOUT hang_unbounded
=== matrix:saved_drills_save:redis:error_500 → 200 degraded_ok
  log {"evt":"api_request","requestId":"fcf12d78-f899-4d3e-b200-4e04db9975cf","method":"PUT","route":"/functions/v1/api/v1/me/saved-drills/wall-dink-rally","status":200,"durationMs":1}
=== matrix:saved_drills_save:redis:unauthorized_401 → 200 degraded_ok
  log {"evt":"api_request","requestId":"7e1406ad-674d-4345-80c8-12aed649653d","method":"PUT","route":"/functions/v1/api/v1/me/saved-drills/wall-dink-rally","status":200,"durationMs":1}
=== matrix:saved_drills_save:redis:network_error → 200 degraded_ok
  log {"evt":"api_request","requestId":"a33142e0-c6ea-47f1-9e0d-f2167ef79616","method":"PUT","route":"/functions/v1/api/v1/me/saved-drills/wall-dink-rally","status":200,"durationMs":1}
=== matrix:saved_drills_save:redis:malformed_json → 200 degraded_ok
  log {"evt":"api_request","requestId":"b9a06fa2-bb54-4b98-ac0f-f9bbaccc1a14","method":"PUT","route":"/functions/v1/api/v1/me/saved-drills/wall-dink-rally","status":200,"durationMs":1}
=== matrix:saved_drills_save:redis:wrong_shape → 200 degraded_ok
  log {"evt":"api_request","requestId":"4ebac2c9-8333-4758-876b-19709507d856","method":"PUT","route":"/functions/v1/api/v1/me/saved-drills/wall-dink-rally","status":200,"durationMs":1}
=== matrix:saved_drills_save:redis:slow_300ms → 200 degraded_ok
  log {"evt":"api_request","requestId":"1cb36688-ab98-484a-9742-e756cc03dc59","method":"PUT","route":"/functions/v1/api/v1/me/saved-drills/wall-dink-rally","status":200,"durationMs":1507}
=== matrix:saved_drills_save:redis:hang → 200 degraded_ok
  log {"evt":"api_request","requestId":"64ee46f3-ff8f-45bb-83f7-32b56fb5e1e0","method":"PUT","route":"/functions/v1/api/v1/me/saved-drills/wall-dink-rally","status":200,"durationMs":6008}
=== matrix:saved_drills_unsave:auth:down_503 → 401 misclassified_auth_failure
  log {"evt":"api_request","requestId":"7fbeabc0-d24e-4cde-8fd3-49d563f5d35a","method":"DELETE","route":"/functions/v1/api/v1/me/saved-drills/wall-dink-rally","status":401,"durationMs":0}
=== matrix:saved_drills_unsave:auth:error_500 → 401 misclassified_auth_failure
  log {"evt":"api_request","requestId":"1ec85e8f-0ce9-4b4f-94bf-91e6a011c1d8","method":"DELETE","route":"/functions/v1/api/v1/me/saved-drills/wall-dink-rally","status":401,"durationMs":1}
=== matrix:saved_drills_unsave:auth:gateway_502_html → 401 misclassified_auth_failure
  log {"evt":"api_request","requestId":"aad1c601-c1cc-49cb-8dfc-352248ef7ca4","method":"DELETE","route":"/functions/v1/api/v1/me/saved-drills/wall-dink-rally","status":401,"durationMs":0}
=== matrix:saved_drills_unsave:auth:network_error → 401 misclassified_auth_failure
  log {"evt":"api_request","requestId":"9bb7bc8b-4918-4bf8-ab23-9b28b0318574","method":"DELETE","route":"/functions/v1/api/v1/me/saved-drills/wall-dink-rally","status":401,"durationMs":0}
=== matrix:saved_drills_unsave:auth:malformed_json → 401 misclassified_auth_failure
  log {"evt":"api_request","requestId":"dd624ea8-c866-4ff2-9048-1926d70053dd","method":"DELETE","route":"/functions/v1/api/v1/me/saved-drills/wall-dink-rally","status":401,"durationMs":1}
=== matrix:saved_drills_unsave:auth:wrong_shape → 401 misclassified_auth_failure
  log {"evt":"api_request","requestId":"f01ed1df-0eee-4e4e-a237-e2ba4277c4f8","method":"DELETE","route":"/functions/v1/api/v1/me/saved-drills/wall-dink-rally","status":401,"durationMs":0}
=== matrix:saved_drills_unsave:auth:empty_body → 401 misclassified_auth_failure
  log {"evt":"api_request","requestId":"45c5bc8f-2296-4abd-97be-99a8e3ba9f32","method":"DELETE","route":"/functions/v1/api/v1/me/saved-drills/wall-dink-rally","status":401,"durationMs":0}
=== matrix:saved_drills_unsave:auth:slow_1500ms → 204 degraded_ok
  log {"evt":"api_request","requestId":"c31a00d0-8676-4486-9073-748dbd943646","method":"DELETE","route":"/functions/v1/api/v1/me/saved-drills/wall-dink-rally","status":204,"durationMs":1503}
=== matrix:saved_drills_unsave:auth:hang → TIMEOUT hang_unbounded
=== matrix:saved_drills_unsave:rest:error_500 → 503 pass
  error [api] Drill unsave: FI_LEAK_ce9b62509d09 relation "public.secret_table" does not exist
  log {"evt":"api_request","requestId":"121235d4-0d0c-40e4-b354-0481045a2042","method":"DELETE","route":"/functions/v1/api/v1/me/saved-drills/wall-dink-rally","status":503,"durationMs":1}
=== matrix:saved_drills_unsave:rest:down_503 → 503 pass
  error [api] Drill unsave: FI_LEAK_2b137c2e26dc relation "public.secret_table" does not exist
  log {"evt":"api_request","requestId":"3d899565-4911-4b2f-9c3a-64d9d4863642","method":"DELETE","route":"/functions/v1/api/v1/me/saved-drills/wall-dink-rally","status":503,"durationMs":0}
=== matrix:saved_drills_unsave:rest:gateway_502_html → 503 pass
  error [api] Drill unsave: <html><head><title>502 Bad Gateway</title></head><body>502 Bad Gateway FI_LEAK_ef2cc1702236 upstream connect error</body></html>
  log {"evt":"api_request","requestId":"895611c7-dd5e-409d-a817-e316feee2665","method":"DELETE","route":"/functions/v1/api/v1/me/saved-drills/wall-dink-rally","status":503,"durationMs":0}
=== matrix:saved_drills_unsave:rest:network_error → 503 pass
  error [api] Drill unsave: TypeError: error sending request for url (http://supabase.fi.test/rest/v1/user_saved_drills?user_id=eq.faf8811c-61b2-4eca-aba9-2d15864cc9d1&slug=eq.wall-dink-rally): client error (Connect): dns error FI_LEAK_eb2b05458ceb
  log {"evt":"api_request","requestId":"e042f3d0-cf45-482d-aace-6f05513764a7","method":"DELETE","route":"/functions/v1/api/v1/me/saved-drills/wall-dink-rally","status":503,"durationMs":1}
=== matrix:saved_drills_unsave:rest:malformed_json → 503 pass
  error [api] Drill unsave: {"FI_LEAK_cf8adbe0284e": tru
  log {"evt":"api_request","requestId":"f4686431-9bbf-4bd6-b4ec-a8745fba5696","method":"DELETE","route":"/functions/v1/api/v1/me/saved-drills/wall-dink-rally","status":503,"durationMs":0}
=== matrix:saved_drills_unsave:rest:wrong_shape → 204 degraded_ok
  log {"evt":"api_request","requestId":"21047840-efbe-4896-8bb5-6b1c8a64eb54","method":"DELETE","route":"/functions/v1/api/v1/me/saved-drills/wall-dink-rally","status":204,"durationMs":0}
=== matrix:saved_drills_unsave:rest:empty_body → 204 degraded_ok
  log {"evt":"api_request","requestId":"a5f1c75b-9faa-4937-bbd2-de43475511f8","method":"DELETE","route":"/functions/v1/api/v1/me/saved-drills/wall-dink-rally","status":204,"durationMs":0}
=== matrix:saved_drills_unsave:rest:hang → TIMEOUT hang_unbounded
=== matrix:saved_drills_unsave:redis:error_500 → 204 degraded_ok
  log {"evt":"api_request","requestId":"ae35b11b-09ce-4e1b-a142-b04c8c4136ed","method":"DELETE","route":"/functions/v1/api/v1/me/saved-drills/wall-dink-rally","status":204,"durationMs":1}
=== matrix:saved_drills_unsave:redis:unauthorized_401 → 204 degraded_ok
  log {"evt":"api_request","requestId":"9c226776-7ce7-445d-90c3-d5ae0322b9f9","method":"DELETE","route":"/functions/v1/api/v1/me/saved-drills/wall-dink-rally","status":204,"durationMs":1}
=== matrix:saved_drills_unsave:redis:network_error → 204 degraded_ok
  log {"evt":"api_request","requestId":"0a149311-51df-426a-807a-2ed50df64ba7","method":"DELETE","route":"/functions/v1/api/v1/me/saved-drills/wall-dink-rally","status":204,"durationMs":1}
=== matrix:saved_drills_unsave:redis:malformed_json → 204 degraded_ok
  log {"evt":"api_request","requestId":"bad7a33a-69da-4178-90df-4d37de2917a2","method":"DELETE","route":"/functions/v1/api/v1/me/saved-drills/wall-dink-rally","status":204,"durationMs":0}
=== matrix:saved_drills_unsave:redis:wrong_shape → 204 degraded_ok
  log {"evt":"api_request","requestId":"88338b4c-a29b-42e3-9b1e-b7e9209977cc","method":"DELETE","route":"/functions/v1/api/v1/me/saved-drills/wall-dink-rally","status":204,"durationMs":1}
=== matrix:saved_drills_unsave:redis:slow_300ms → 204 degraded_ok
  log {"evt":"api_request","requestId":"0bb997e5-0197-498b-8096-df9028b63d40","method":"DELETE","route":"/functions/v1/api/v1/me/saved-drills/wall-dink-rally","status":204,"durationMs":1508}
=== matrix:saved_drills_unsave:redis:hang → 204 degraded_ok
  log {"evt":"api_request","requestId":"49113ffd-ce79-4aba-b5de-d44b0b7505d6","method":"DELETE","route":"/functions/v1/api/v1/me/saved-drills/wall-dink-rally","status":204,"durationMs":6009}
=== matrix:catalog_drills_list:auth:down_503 → 401 misclassified_auth_failure
  log {"evt":"api_request","requestId":"03846a52-deae-4669-96c3-d0af82ef65af","method":"GET","route":"/functions/v1/api/v1/catalog/drills","status":401,"durationMs":0}
=== matrix:catalog_drills_list:auth:error_500 → 401 misclassified_auth_failure
  log {"evt":"api_request","requestId":"4122410c-a510-476f-8444-ac36c88243b6","method":"GET","route":"/functions/v1/api/v1/catalog/drills","status":401,"durationMs":0}
=== matrix:catalog_drills_list:auth:gateway_502_html → 401 misclassified_auth_failure
  log {"evt":"api_request","requestId":"662f570f-e0de-4a25-9c85-445091841a4a","method":"GET","route":"/functions/v1/api/v1/catalog/drills","status":401,"durationMs":0}
=== matrix:catalog_drills_list:auth:network_error → 401 misclassified_auth_failure
  log {"evt":"api_request","requestId":"8f202bb8-3a6a-4b97-b8a1-24c9a6eec4c4","method":"GET","route":"/functions/v1/api/v1/catalog/drills","status":401,"durationMs":1}
=== matrix:catalog_drills_list:auth:malformed_json → 401 misclassified_auth_failure
  log {"evt":"api_request","requestId":"cb3b3eef-43cf-4bd7-8146-dfa27541497a","method":"GET","route":"/functions/v1/api/v1/catalog/drills","status":401,"durationMs":0}
=== matrix:catalog_drills_list:auth:wrong_shape → 401 misclassified_auth_failure
  log {"evt":"api_request","requestId":"57245161-e5dd-41d5-9168-2907c3de90bb","method":"GET","route":"/functions/v1/api/v1/catalog/drills","status":401,"durationMs":0}
=== matrix:catalog_drills_list:auth:empty_body → 401 misclassified_auth_failure
  log {"evt":"api_request","requestId":"702a4cd1-b46d-4602-826e-6148e4cb8ff0","method":"GET","route":"/functions/v1/api/v1/catalog/drills","status":401,"durationMs":1}
=== matrix:catalog_drills_list:auth:slow_1500ms → 200 degraded_ok
  log {"evt":"api_request","requestId":"0d09747e-1f0e-435f-9823-4dc1b474223a","method":"GET","route":"/functions/v1/api/v1/catalog/drills","status":200,"durationMs":1501}
=== matrix:catalog_drills_list:auth:hang → TIMEOUT hang_unbounded
=== matrix:catalog_drills_list:rest:error_500 → 503 pass
  error [api] Drill catalog: FI_LEAK_f990df47a62f relation "public.secret_table" does not exist
  log {"evt":"api_request","requestId":"8652c33a-b654-4c62-a2fd-b121aa5f3e38","method":"GET","route":"/functions/v1/api/v1/catalog/drills","status":503,"durationMs":1}
=== matrix:catalog_drills_list:rest:down_503 → 503 pass
  error [api] Drill catalog: FI_LEAK_ed96f14bfd1a relation "public.secret_table" does not exist
  log {"evt":"api_request","requestId":"35959d15-bb7e-44ca-a1c7-d69207d77c7a","method":"GET","route":"/functions/v1/api/v1/catalog/drills","status":503,"durationMs":7004}
=== matrix:catalog_drills_list:rest:gateway_502_html → 503 pass
  error [api] Drill catalog: <html><head><title>502 Bad Gateway</title></head><body>502 Bad Gateway FI_LEAK_ccd2cb520ebd upstream connect error</body></html>
  log {"evt":"api_request","requestId":"01838e20-e0a0-4fb6-a81b-c1bbd27ed2aa","method":"GET","route":"/functions/v1/api/v1/catalog/drills","status":503,"durationMs":1}
=== matrix:catalog_drills_list:rest:network_error → 503 pass
  error [api] Drill catalog: TypeError: error sending request for url (http://supabase.fi.test/rest/v1/user_saved_drills?select=slug&user_id=eq.2736d0ff-380d-41f1-80a8-ce7d8399c34f): client error (Connect): dns error FI_LEAK_732225b1498c
  log {"evt":"api_request","requestId":"3f61c56a-93dd-4dec-8257-1e2c51b92835","method":"GET","route":"/functions/v1/api/v1/catalog/drills","status":503,"durationMs":7004}
=== matrix:catalog_drills_list:rest:malformed_json → 503 pass
  error [api] Drill catalog: {"FI_LEAK_ef41958c4bce": tru
  log {"evt":"api_request","requestId":"eee656f5-42c5-4fc9-8c88-b76fbb048215","method":"GET","route":"/functions/v1/api/v1/catalog/drills","status":503,"durationMs":1}
=== matrix:catalog_drills_list:rest:wrong_shape → 500 unhandled_500
  error [api] unhandled error (4d8e663f-15e4-4c56-ba61-cf117f74aeb1): TypeError: (saved.data ?? []).map is not a function
  log {"evt":"api_request","requestId":"4d8e663f-15e4-4c56-ba61-cf117f74aeb1","method":"GET","route":"/functions/v1/api/v1/catalog/drills","status":500,"durationMs":1}
=== matrix:catalog_drills_list:rest:empty_body → 200 degraded_ok
  log {"evt":"api_request","requestId":"6ddbe208-662a-4983-b4d3-0615073aa45b","method":"GET","route":"/functions/v1/api/v1/catalog/drills","status":200,"durationMs":1}
=== matrix:catalog_drills_list:rest:hang → TIMEOUT hang_unbounded
=== matrix:catalog_drills_list:redis:error_500 → 200 degraded_ok
  log {"evt":"api_request","requestId":"904959dc-3faa-4767-aae8-31c38bad1776","method":"GET","route":"/functions/v1/api/v1/catalog/drills","status":200,"durationMs":1}
=== matrix:catalog_drills_list:redis:unauthorized_401 → 200 degraded_ok
  log {"evt":"api_request","requestId":"39b040d6-f75c-40a5-b390-418d5a7f2562","method":"GET","route":"/functions/v1/api/v1/catalog/drills","status":200,"durationMs":1}
=== matrix:catalog_drills_list:redis:network_error → 200 degraded_ok
  log {"evt":"api_request","requestId":"f1718b66-d9e8-4919-8702-218a4a00b315","method":"GET","route":"/functions/v1/api/v1/catalog/drills","status":200,"durationMs":1}
=== matrix:catalog_drills_list:redis:malformed_json → 200 degraded_ok
  log {"evt":"api_request","requestId":"34bf4b12-fa3e-41bd-9466-6087ce6cebeb","method":"GET","route":"/functions/v1/api/v1/catalog/drills","status":200,"durationMs":1}
=== matrix:catalog_drills_list:redis:wrong_shape → 200 degraded_ok
  log {"evt":"api_request","requestId":"e99782f8-ab9c-4032-8916-4a476365c92f","method":"GET","route":"/functions/v1/api/v1/catalog/drills","status":200,"durationMs":0}
=== matrix:catalog_drills_list:redis:slow_300ms → 200 degraded_ok
  log {"evt":"api_request","requestId":"2cefe143-51b8-4e41-af09-0770f749f730","method":"GET","route":"/functions/v1/api/v1/catalog/drills","status":200,"durationMs":1505}
=== matrix:catalog_drills_list:redis:hang → 200 degraded_ok
  log {"evt":"api_request","requestId":"0aa14e5e-f51a-407c-93ea-9d76f1f400f9","method":"GET","route":"/functions/v1/api/v1/catalog/drills","status":200,"durationMs":6011}
=== matrix:catalog_drill_get:auth:down_503 → 401 misclassified_auth_failure
  log {"evt":"api_request","requestId":"95273549-10a4-4174-85ea-99936db26d65","method":"GET","route":"/functions/v1/api/v1/catalog/drills/wall-dink-rally","status":401,"durationMs":1}
=== matrix:catalog_drill_get:auth:error_500 → 401 misclassified_auth_failure
  log {"evt":"api_request","requestId":"dfe82a9f-7ef2-429a-b024-d6955044b6b4","method":"GET","route":"/functions/v1/api/v1/catalog/drills/wall-dink-rally","status":401,"durationMs":1}
=== matrix:catalog_drill_get:auth:gateway_502_html → 401 misclassified_auth_failure
  log {"evt":"api_request","requestId":"e90a9529-14a0-467b-b507-aa5eb6555f93","method":"GET","route":"/functions/v1/api/v1/catalog/drills/wall-dink-rally","status":401,"durationMs":0}
=== matrix:catalog_drill_get:auth:network_error → 401 misclassified_auth_failure
  log {"evt":"api_request","requestId":"1211d5bf-2d1b-490d-9389-8c0c829dda20","method":"GET","route":"/functions/v1/api/v1/catalog/drills/wall-dink-rally","status":401,"durationMs":0}
=== matrix:catalog_drill_get:auth:malformed_json → 401 misclassified_auth_failure
  log {"evt":"api_request","requestId":"c3bf426c-b596-462e-8a75-67d35cb3febf","method":"GET","route":"/functions/v1/api/v1/catalog/drills/wall-dink-rally","status":401,"durationMs":1}
=== matrix:catalog_drill_get:auth:wrong_shape → 401 misclassified_auth_failure
  log {"evt":"api_request","requestId":"f647b918-60c0-4300-8a31-68a2d675bfdf","method":"GET","route":"/functions/v1/api/v1/catalog/drills/wall-dink-rally","status":401,"durationMs":0}
=== matrix:catalog_drill_get:auth:empty_body → 401 misclassified_auth_failure
  log {"evt":"api_request","requestId":"b9cf8d97-68cf-44fe-95bb-bf875303f838","method":"GET","route":"/functions/v1/api/v1/catalog/drills/wall-dink-rally","status":401,"durationMs":0}
=== matrix:catalog_drill_get:auth:slow_1500ms → 200 degraded_ok
  log {"evt":"api_request","requestId":"49b2e01e-b577-4d14-86fb-2668bd31b76b","method":"GET","route":"/functions/v1/api/v1/catalog/drills/wall-dink-rally","status":200,"durationMs":1502}
=== matrix:catalog_drill_get:auth:hang → TIMEOUT hang_unbounded
=== matrix:catalog_drill_get:rest:error_500 → 503 pass
  error [api] Drill detail: FI_LEAK_a5ba516fefde relation "public.secret_table" does not exist
  log {"evt":"api_request","requestId":"c9c5ae2a-4022-4006-a215-f71f12b8b313","method":"GET","route":"/functions/v1/api/v1/catalog/drills/wall-dink-rally","status":503,"durationMs":1}
=== matrix:catalog_drill_get:rest:down_503 → 503 pass
  error [api] Drill detail: FI_LEAK_0cb938ea58b4 relation "public.secret_table" does not exist
  log {"evt":"api_request","requestId":"cdfdc826-9797-45f0-b6b2-031a83d52e3a","method":"GET","route":"/functions/v1/api/v1/catalog/drills/wall-dink-rally","status":503,"durationMs":7004}
=== matrix:catalog_drill_get:rest:gateway_502_html → 503 pass
  error [api] Drill detail: <html><head><title>502 Bad Gateway</title></head><body>502 Bad Gateway FI_LEAK_7ceb38548f51 upstream connect error</body></html>
  log {"evt":"api_request","requestId":"0fa835be-f1e2-4cfb-867e-854118de9cbc","method":"GET","route":"/functions/v1/api/v1/catalog/drills/wall-dink-rally","status":503,"durationMs":1}
=== matrix:catalog_drill_get:rest:network_error → 503 pass
  error [api] Drill detail: TypeError: error sending request for url (http://supabase.fi.test/rest/v1/user_saved_drills?select=slug&user_id=eq.8aad5007-9e44-4bac-b2a1-cafc420ee281&slug=eq.wall-dink-rally): client error (Connect): dns error FI_LEAK_bdf6a7247ca3
  log {"evt":"api_request","requestId":"70375d4b-dc96-4515-b4b4-23a3c1fbb0e8","method":"GET","route":"/functions/v1/api/v1/catalog/drills/wall-dink-rally","status":503,"durationMs":7005}
=== matrix:catalog_drill_get:rest:malformed_json → 503 pass
  error [api] Drill detail: {"FI_LEAK_9e2baba433b5": tru
  log {"evt":"api_request","requestId":"faa30d2b-d54d-4fa9-bb90-211e1ddb37a1","method":"GET","route":"/functions/v1/api/v1/catalog/drills/wall-dink-rally","status":503,"durationMs":1}
=== matrix:catalog_drill_get:rest:wrong_shape → 200 degraded_ok
  log {"evt":"api_request","requestId":"2dacdf69-62e0-415f-881d-e32d193dc015","method":"GET","route":"/functions/v1/api/v1/catalog/drills/wall-dink-rally","status":200,"durationMs":1}
=== matrix:catalog_drill_get:rest:empty_body → 200 degraded_ok
  log {"evt":"api_request","requestId":"205385a6-dbbb-4ece-834c-a08392a4e9bd","method":"GET","route":"/functions/v1/api/v1/catalog/drills/wall-dink-rally","status":200,"durationMs":1}
=== matrix:catalog_drill_get:rest:hang → TIMEOUT hang_unbounded
=== matrix:catalog_drill_get:redis:error_500 → 200 degraded_ok
  log {"evt":"api_request","requestId":"2b87200f-77a4-480d-ba19-aaf5c604e9f9","method":"GET","route":"/functions/v1/api/v1/catalog/drills/wall-dink-rally","status":200,"durationMs":2}
=== matrix:catalog_drill_get:redis:unauthorized_401 → 200 degraded_ok
  log {"evt":"api_request","requestId":"604977a2-402b-4138-b94b-4b7a804954cd","method":"GET","route":"/functions/v1/api/v1/catalog/drills/wall-dink-rally","status":200,"durationMs":1}
=== matrix:catalog_drill_get:redis:network_error → 200 degraded_ok
  log {"evt":"api_request","requestId":"1a62e21f-f8bd-407b-9fa3-0e4cf8d4684a","method":"GET","route":"/functions/v1/api/v1/catalog/drills/wall-dink-rally","status":200,"durationMs":1}
=== matrix:catalog_drill_get:redis:malformed_json → 200 degraded_ok
  log {"evt":"api_request","requestId":"c398742f-b514-4f2b-a9df-4e2a3da3bb86","method":"GET","route":"/functions/v1/api/v1/catalog/drills/wall-dink-rally","status":200,"durationMs":1}
=== matrix:catalog_drill_get:redis:wrong_shape → 200 degraded_ok
  log {"evt":"api_request","requestId":"b150f249-5b23-489b-a7dd-305ec0102ddb","method":"GET","route":"/functions/v1/api/v1/catalog/drills/wall-dink-rally","status":200,"durationMs":1}
=== matrix:catalog_drill_get:redis:slow_300ms → 200 degraded_ok
  log {"evt":"api_request","requestId":"b1530a88-f217-458b-aabf-2eb3dc77e81a","method":"GET","route":"/functions/v1/api/v1/catalog/drills/wall-dink-rally","status":200,"durationMs":1507}
=== matrix:catalog_drill_get:redis:hang → 200 degraded_ok
  log {"evt":"api_request","requestId":"ae62da04-196d-4e31-93e7-27401d4e5f7c","method":"GET","route":"/functions/v1/api/v1/catalog/drills/wall-dink-rally","status":200,"durationMs":6013}
=== matrix:training_plans_current:auth:down_503 → 401 misclassified_auth_failure
  log {"evt":"api_request","requestId":"57c18f5c-41bb-4d64-8dfe-d5f0207e7963","method":"GET","route":"/functions/v1/api/v1/training-plans/current","status":401,"durationMs":1}
=== matrix:training_plans_current:auth:error_500 → 401 misclassified_auth_failure
  log {"evt":"api_request","requestId":"3319ff29-3b21-4c62-819b-28f18709a28a","method":"GET","route":"/functions/v1/api/v1/training-plans/current","status":401,"durationMs":0}
=== matrix:training_plans_current:auth:gateway_502_html → 401 misclassified_auth_failure
  log {"evt":"api_request","requestId":"21b589d2-aab8-45a2-a225-43165c33ae6f","method":"GET","route":"/functions/v1/api/v1/training-plans/current","status":401,"durationMs":0}
=== matrix:training_plans_current:auth:network_error → 401 misclassified_auth_failure
  log {"evt":"api_request","requestId":"2b5f41fc-bcfc-4d93-9f51-6a1b0d9547bf","method":"GET","route":"/functions/v1/api/v1/training-plans/current","status":401,"durationMs":0}
=== matrix:training_plans_current:auth:malformed_json → 401 misclassified_auth_failure
  log {"evt":"api_request","requestId":"540f1b19-6460-49ac-9898-f0a2e47fcced","method":"GET","route":"/functions/v1/api/v1/training-plans/current","status":401,"durationMs":0}
=== matrix:training_plans_current:auth:wrong_shape → 401 misclassified_auth_failure
  log {"evt":"api_request","requestId":"f480411a-0887-40e0-81ca-d023f7a7746e","method":"GET","route":"/functions/v1/api/v1/training-plans/current","status":401,"durationMs":0}
=== matrix:training_plans_current:auth:empty_body → 401 misclassified_auth_failure
  log {"evt":"api_request","requestId":"39c240bc-f364-4780-aa89-61ecca726e7f","method":"GET","route":"/functions/v1/api/v1/training-plans/current","status":401,"durationMs":0}
=== matrix:training_plans_current:auth:slow_1500ms → 200 degraded_ok
  log {"evt":"api_request","requestId":"4f85e2fc-b7e2-417f-b232-44e086ce851a","method":"GET","route":"/functions/v1/api/v1/training-plans/current","status":200,"durationMs":1503}
=== matrix:training_plans_current:auth:hang → TIMEOUT hang_unbounded
=== matrix:training_plans_current:redis:error_500 → 200 degraded_ok
  log {"evt":"api_request","requestId":"e91bb4f1-3543-4676-9fa7-511a112bfc54","method":"GET","route":"/functions/v1/api/v1/training-plans/current","status":200,"durationMs":0}
=== matrix:training_plans_current:redis:unauthorized_401 → 200 degraded_ok
  log {"evt":"api_request","requestId":"259f92f0-35ae-49df-866c-8c9ba004f6c4","method":"GET","route":"/functions/v1/api/v1/training-plans/current","status":200,"durationMs":1}
=== matrix:training_plans_current:redis:network_error → 200 degraded_ok
  log {"evt":"api_request","requestId":"dd82dbb9-3809-41dc-b47a-28f90e9d65a7","method":"GET","route":"/functions/v1/api/v1/training-plans/current","status":200,"durationMs":1}
=== matrix:training_plans_current:redis:malformed_json → 200 degraded_ok
  log {"evt":"api_request","requestId":"30b75dfb-64c5-493e-984b-6ebd0266c158","method":"GET","route":"/functions/v1/api/v1/training-plans/current","status":200,"durationMs":0}
=== matrix:training_plans_current:redis:wrong_shape → 200 degraded_ok
  log {"evt":"api_request","requestId":"f4ae1776-307d-4242-9a19-232e98084a5f","method":"GET","route":"/functions/v1/api/v1/training-plans/current","status":200,"durationMs":0}
=== matrix:training_plans_current:redis:slow_300ms → 200 degraded_ok
  log {"evt":"api_request","requestId":"aaa47bb2-ec2f-4ee6-9711-46123c05b17f","method":"GET","route":"/functions/v1/api/v1/training-plans/current","status":200,"durationMs":1507}
=== matrix:training_plans_current:redis:hang → 200 degraded_ok
  log {"evt":"api_request","requestId":"e3306b9b-3f63-453a-ab10-1e3b2ea8fde0","method":"GET","route":"/functions/v1/api/v1/training-plans/current","status":200,"durationMs":6009}
=== matrix:training_plans_create:auth:down_503 → 401 misclassified_auth_failure
  log {"evt":"api_request","requestId":"7569a46e-2cdd-47cd-b8d0-76b9003f8e66","method":"POST","route":"/functions/v1/api/v1/training-plans","status":401,"durationMs":1}
=== matrix:training_plans_create:auth:error_500 → 401 misclassified_auth_failure
  log {"evt":"api_request","requestId":"06950957-0116-4007-af9e-d905e0425e06","method":"POST","route":"/functions/v1/api/v1/training-plans","status":401,"durationMs":0}
=== matrix:training_plans_create:auth:gateway_502_html → 401 misclassified_auth_failure
  log {"evt":"api_request","requestId":"a6c9b628-5235-4f93-9ebc-9ff1919daddb","method":"POST","route":"/functions/v1/api/v1/training-plans","status":401,"durationMs":1}
=== matrix:training_plans_create:auth:network_error → 401 misclassified_auth_failure
  log {"evt":"api_request","requestId":"2b940ede-7548-42e8-b071-478e7b7d489f","method":"POST","route":"/functions/v1/api/v1/training-plans","status":401,"durationMs":0}
=== matrix:training_plans_create:auth:malformed_json → 401 misclassified_auth_failure
  log {"evt":"api_request","requestId":"0a4685e0-d235-4263-8794-5e5a1444da53","method":"POST","route":"/functions/v1/api/v1/training-plans","status":401,"durationMs":0}
=== matrix:training_plans_create:auth:wrong_shape → 401 misclassified_auth_failure
  log {"evt":"api_request","requestId":"785c646b-c7a2-4d9f-8cd3-da2fe2041091","method":"POST","route":"/functions/v1/api/v1/training-plans","status":401,"durationMs":0}
=== matrix:training_plans_create:auth:empty_body → 401 misclassified_auth_failure
  log {"evt":"api_request","requestId":"03e280c4-117b-4ecb-b6c5-d34c1530eb0d","method":"POST","route":"/functions/v1/api/v1/training-plans","status":401,"durationMs":0}
=== matrix:training_plans_create:auth:slow_1500ms → 409 degraded_ok
  log {"evt":"api_request","requestId":"7e025b8c-8164-4f06-96de-0577bf32377a","method":"POST","route":"/functions/v1/api/v1/training-plans","status":409,"durationMs":1502,"code":"training.plan_unavailable"}
=== matrix:training_plans_create:auth:hang → TIMEOUT hang_unbounded
=== matrix:training_plans_create:redis:error_500 → 409 degraded_ok
  log {"evt":"api_request","requestId":"5b7d1042-cd5b-491a-9c87-f4f52f66173f","method":"POST","route":"/functions/v1/api/v1/training-plans","status":409,"durationMs":1,"code":"training.plan_unavailable"}
=== matrix:training_plans_create:redis:unauthorized_401 → 409 degraded_ok
  log {"evt":"api_request","requestId":"00041d4b-0f37-4386-8ec1-0507d03ebdf3","method":"POST","route":"/functions/v1/api/v1/training-plans","status":409,"durationMs":0,"code":"training.plan_unavailable"}
=== matrix:training_plans_create:redis:network_error → 409 degraded_ok
  log {"evt":"api_request","requestId":"a69f789c-94d5-4e2a-9c3c-008f5422a75f","method":"POST","route":"/functions/v1/api/v1/training-plans","status":409,"durationMs":1,"code":"training.plan_unavailable"}
=== matrix:training_plans_create:redis:malformed_json → 409 degraded_ok
  log {"evt":"api_request","requestId":"6eb7cd4b-dd24-4348-a6d5-27a177d7088f","method":"POST","route":"/functions/v1/api/v1/training-plans","status":409,"durationMs":0,"code":"training.plan_unavailable"}
=== matrix:training_plans_create:redis:wrong_shape → 409 degraded_ok
  log {"evt":"api_request","requestId":"f9b181cc-662f-4c22-823f-d6a20674e780","method":"POST","route":"/functions/v1/api/v1/training-plans","status":409,"durationMs":0,"code":"training.plan_unavailable"}
=== matrix:training_plans_create:redis:slow_300ms → 409 degraded_ok
  log {"evt":"api_request","requestId":"5bc89f09-2724-4be0-bff8-0897d3ce3686","method":"POST","route":"/functions/v1/api/v1/training-plans","status":409,"durationMs":1507,"code":"training.plan_unavailable"}
=== matrix:training_plans_create:redis:hang → 409 degraded_ok
  log {"evt":"api_request","requestId":"a7481e48-6169-4d43-9c7c-fdef6c28a718","method":"POST","route":"/functions/v1/api/v1/training-plans","status":409,"durationMs":6007,"code":"training.plan_unavailable"}
=== sweep:webhook_revenuecat:rest:error_500:0 → 200 degraded_ok
  error [api] webhook event lookup failed: FI_LEAK_598588dcc90f relation "public.secret_table" does not exist
  log {"evt":"api_request","requestId":"a0bd8914-bf19-4c7f-b40e-d5571e83ba7b","method":"POST","route":"/functions/v1/api/webhooks/revenuecat","status":200,"durationMs":1}
=== sweep:webhook_revenuecat:rest:malformed_json:0 → 200 degraded_ok
  error [api] webhook event lookup failed: {"FI_LEAK_caf7c29bb521": tru
  log {"evt":"api_request","requestId":"222cfed1-cbd3-4a54-a06f-858e70f27635","method":"POST","route":"/functions/v1/api/webhooks/revenuecat","status":200,"durationMs":1}
=== sweep:webhook_revenuecat:rest:error_500:1 → 200 false_success
  error [api] webhook verdict persist failed: FI_LEAK_2afa27edd9c3 relation "public.secret_table" does not exist
  log {"evt":"api_request","requestId":"06d1f83d-d96f-4c5d-befc-21b75e9661ff","method":"POST","route":"/functions/v1/api/webhooks/revenuecat","status":200,"durationMs":0}
=== sweep:webhook_revenuecat:rest:malformed_json:1 → 200 false_success
  error [api] webhook verdict persist failed: {"FI_LEAK_5ec1a59fd912": tru
  log {"evt":"api_request","requestId":"46993828-fba7-41bc-b090-f489ac88e454","method":"POST","route":"/functions/v1/api/webhooks/revenuecat","status":200,"durationMs":0}
=== sweep:webhook_revenuecat:rest:error_500:2 → 200 degraded_ok
  error [api] webhook event log failed: FI_LEAK_f28265843513 relation "public.secret_table" does not exist
  log {"evt":"api_request","requestId":"566d6837-34db-4eee-b569-351fce11f49f","method":"POST","route":"/functions/v1/api/webhooks/revenuecat","status":200,"durationMs":0}
=== sweep:webhook_revenuecat:rest:malformed_json:2 → 200 degraded_ok
  error [api] webhook event log failed: {"FI_LEAK_ee2cd2651013": tru
  log {"evt":"api_request","requestId":"764649dc-0969-4c77-9b48-9ebcb0e44c60","method":"POST","route":"/functions/v1/api/webhooks/revenuecat","status":200,"durationMs":0}
=== sweep:account_bootstrap_google:rest:error_500:0 → 503 pass
  error [api] Your account: FI_LEAK_deb9277bd0bb relation "public.secret_table" does not exist
  log {"evt":"api_request","requestId":"c2808230-b846-46ab-8ef9-eae9891c7432","method":"POST","route":"/functions/v1/api/v1/account/bootstrap","status":503,"durationMs":1}
=== sweep:account_bootstrap_google:rest:malformed_json:0 → 503 pass
  error [api] Your account: {"FI_LEAK_206d00b25034": tru
  log {"evt":"api_request","requestId":"f8eeaede-0015-4410-9730-7f33d0c09a25","method":"POST","route":"/functions/v1/api/v1/account/bootstrap","status":503,"durationMs":0}
=== sweep:account_bootstrap_google:auth:error_500:0 → 401 misclassified_auth_failure
  log {"evt":"api_request","requestId":"945ea99a-7369-4120-aff6-475dc0292823","method":"POST","route":"/functions/v1/api/v1/account/bootstrap","status":401,"durationMs":0}
=== sweep:account_bootstrap_google:auth:malformed_json:0 → 401 misclassified_auth_failure
  log {"evt":"api_request","requestId":"52b18155-258a-4a95-8597-ef776b980e27","method":"POST","route":"/functions/v1/api/v1/account/bootstrap","status":401,"durationMs":0}
=== sweep:account_bootstrap_apple:rest:error_500:0 → 503 pass
  error [api] Your account: FI_LEAK_eca8d05314db relation "public.secret_table" does not exist
  log {"evt":"api_request","requestId":"477c8e82-e0a4-4e72-b192-1a2cafde1e2f","method":"POST","route":"/functions/v1/api/v1/account/bootstrap","status":503,"durationMs":0}
=== sweep:account_bootstrap_apple:rest:malformed_json:0 → 503 pass
  error [api] Your account: {"FI_LEAK_63857d58c548": tru
  log {"evt":"api_request","requestId":"7045f881-5594-4540-b913-03b0f6df6704","method":"POST","route":"/functions/v1/api/v1/account/bootstrap","status":503,"durationMs":0}
=== sweep:account_bootstrap_apple:rest:error_500:1 → 503 pass
  error [api] Apple sign-in: FI_LEAK_99ef40ff7c47 relation "public.secret_table" does not exist
  log {"evt":"api_request","requestId":"e57dece1-f7c7-4f5e-a7da-951a5224ffdc","method":"POST","route":"/functions/v1/api/v1/account/bootstrap","status":503,"durationMs":1}
=== sweep:account_bootstrap_apple:rest:malformed_json:1 → 503 pass
  error [api] Apple sign-in: {"FI_LEAK_28a42a0eebf8": tru
  log {"evt":"api_request","requestId":"2378162a-f754-4cd1-838f-7e6a420a08ea","method":"POST","route":"/functions/v1/api/v1/account/bootstrap","status":503,"durationMs":1}
=== sweep:account_bootstrap_apple:auth:error_500:0 → 401 misclassified_auth_failure
  log {"evt":"api_request","requestId":"ece2e018-c447-433b-ae26-2e0edf4628c5","method":"POST","route":"/functions/v1/api/v1/account/bootstrap","status":401,"durationMs":0}
=== sweep:account_bootstrap_apple:auth:malformed_json:0 → 401 misclassified_auth_failure
  log {"evt":"api_request","requestId":"e009fec0-2874-4848-973b-88678b1e221d","method":"POST","route":"/functions/v1/api/v1/account/bootstrap","status":401,"durationMs":0}
=== sweep:auth_refresh:auth:error_500:0 → 200 retried_ok
  log {"evt":"api_request","requestId":"d02ceccf-ae09-4e7a-bea6-d62b0c71c551","method":"POST","route":"/functions/v1/api/v1/auth/refresh","status":200,"durationMs":202}
=== sweep:auth_refresh:auth:malformed_json:0 → 200 retried_ok
  log {"evt":"api_request","requestId":"7740d2ba-88fd-4651-acaf-4167c335edcc","method":"POST","route":"/functions/v1/api/v1/auth/refresh","status":200,"durationMs":202}
=== sweep:auth_logout:auth:error_500:0 → 401 misclassified_auth_failure
  log {"evt":"api_request","requestId":"3683f75b-196c-4e81-a2c7-783db72c371d","method":"POST","route":"/functions/v1/api/v1/auth/logout","status":401,"durationMs":0}
=== sweep:auth_logout:auth:malformed_json:0 → 401 misclassified_auth_failure
  log {"evt":"api_request","requestId":"80ad89f5-ff98-4a37-aa0b-c00cc551544a","method":"POST","route":"/functions/v1/api/v1/auth/logout","status":401,"durationMs":1}
=== sweep:auth_logout:auth:error_500:1 → 503 pass
  error [api] Sign-out: status 500
  log {"evt":"api_request","requestId":"266f12de-78d2-4435-8767-e1a5402f7a47","method":"POST","route":"/functions/v1/api/v1/auth/logout","status":503,"durationMs":1}
=== sweep:auth_logout:auth:malformed_json:1 → 204 degraded_ok
  log {"evt":"api_request","requestId":"a3916d1b-4a77-4e2f-924f-93f28a7d8fec","method":"POST","route":"/functions/v1/api/v1/auth/logout","status":204,"durationMs":0}
=== sweep:me:rest:error_500:0 → 503 pass
  error [api] Your account: FI_LEAK_393c97167c47 relation "public.secret_table" does not exist
  log {"evt":"api_request","requestId":"65724fae-d0fe-41f8-b6cf-fef3297fd8e3","method":"GET","route":"/functions/v1/api/v1/me","status":503,"durationMs":1}
=== sweep:me:rest:malformed_json:0 → 503 pass
  error [api] Your account: {"FI_LEAK_24d0b9f3d82c": tru
  log {"evt":"api_request","requestId":"2387baef-7262-4861-9c18-407e94504e52","method":"GET","route":"/functions/v1/api/v1/me","status":503,"durationMs":1}
=== sweep:me:auth:error_500:0 → 401 misclassified_auth_failure
  log {"evt":"api_request","requestId":"797eb105-f277-42cf-972a-ed266abf27c8","method":"GET","route":"/functions/v1/api/v1/me","status":401,"durationMs":0}
=== sweep:me:auth:malformed_json:0 → 401 misclassified_auth_failure
  log {"evt":"api_request","requestId":"dcbffb6a-5626-491a-8fe3-dd5c934770e5","method":"GET","route":"/functions/v1/api/v1/me","status":401,"durationMs":0}
=== sweep:me_onboarding:rest:error_500:0 → 503 pass
  error [api] Your coaching profile: FI_LEAK_3fcf782c8ccc relation "public.secret_table" does not exist
  log {"evt":"api_request","requestId":"a5113855-4920-4370-9162-cbc8b02eb13d","method":"PUT","route":"/functions/v1/api/v1/me/onboarding","status":503,"durationMs":0}
=== sweep:me_onboarding:rest:malformed_json:0 → 503 pass
  error [api] Your coaching profile: {"FI_LEAK_b2d5753ac465": tru
  log {"evt":"api_request","requestId":"e54fac02-1ebe-41e1-bfb1-ab159ec1e5cc","method":"PUT","route":"/functions/v1/api/v1/me/onboarding","status":503,"durationMs":1}
=== sweep:me_onboarding:auth:error_500:0 → 401 misclassified_auth_failure
  log {"evt":"api_request","requestId":"fc091643-31d7-4026-8f8c-974586d6979c","method":"PUT","route":"/functions/v1/api/v1/me/onboarding","status":401,"durationMs":0}
=== sweep:me_onboarding:auth:malformed_json:0 → 401 misclassified_auth_failure
  log {"evt":"api_request","requestId":"ab5f32a4-6996-4386-b1d2-b5822a32cd3a","method":"PUT","route":"/functions/v1/api/v1/me/onboarding","status":401,"durationMs":0}
=== sweep:me_access:rest:error_500:0 → 503 pass
  error [api] Access state: FI_LEAK_9c04c9465dfa relation "public.secret_table" does not exist
  log {"evt":"api_request","requestId":"83ec42cc-1fa0-4068-8971-2ead9d8275e8","method":"GET","route":"/functions/v1/api/v1/me/access","status":503,"durationMs":1}
=== sweep:me_access:rest:malformed_json:0 → 503 pass
  error [api] Access state: {"FI_LEAK_7bde301c22e2": tru
  log {"evt":"api_request","requestId":"42e42c36-2699-452a-920c-cdae269a8a57","method":"GET","route":"/functions/v1/api/v1/me/access","status":503,"durationMs":1}
=== sweep:me_access:auth:error_500:0 → 401 misclassified_auth_failure
  log {"evt":"api_request","requestId":"ef9b0882-00cc-43b3-8262-710fff14396d","method":"GET","route":"/functions/v1/api/v1/me/access","status":401,"durationMs":0}
=== sweep:me_access:auth:malformed_json:0 → 401 misclassified_auth_failure
  log {"evt":"api_request","requestId":"e19da20d-3d63-4768-9b4c-fa3143046d14","method":"GET","route":"/functions/v1/api/v1/me/access","status":401,"durationMs":0}
=== sweep:billing_sync:rest:error_500:0 → 503 pass
  error [api] Billing verification: FI_LEAK_188fe1092117 relation "public.secret_table" does not exist
  log {"evt":"api_request","requestId":"434f0e34-26cc-436b-8a8a-fa689aaa5fc9","method":"POST","route":"/functions/v1/api/v1/billing/sync","status":503,"durationMs":1}
=== sweep:billing_sync:rest:malformed_json:0 → 503 pass
  error [api] Billing verification: {"FI_LEAK_b99a30dca105": tru
  log {"evt":"api_request","requestId":"d2897b3c-9d01-4f9b-815f-2e16791abc50","method":"POST","route":"/functions/v1/api/v1/billing/sync","status":503,"durationMs":1}
=== sweep:billing_sync:rest:error_500:1 → 503 pass
  error [api] Access state: FI_LEAK_93840c2ca5ff relation "public.secret_table" does not exist
  log {"evt":"api_request","requestId":"c00e76e6-8871-490d-b613-863684be0cee","method":"POST","route":"/functions/v1/api/v1/billing/sync","status":503,"durationMs":1}
=== sweep:billing_sync:rest:malformed_json:1 → 503 pass
  error [api] Access state: {"FI_LEAK_e0d82553f73e": tru
  log {"evt":"api_request","requestId":"2d854c75-f909-4827-8a6e-5873b57d28e7","method":"POST","route":"/functions/v1/api/v1/billing/sync","status":503,"durationMs":0}
=== sweep:billing_sync:auth:error_500:0 → 401 misclassified_auth_failure
  log {"evt":"api_request","requestId":"49d2deb9-550f-45d2-ad0c-6e1401a7e014","method":"POST","route":"/functions/v1/api/v1/billing/sync","status":401,"durationMs":0}
=== sweep:billing_sync:auth:malformed_json:0 → 401 misclassified_auth_failure
  log {"evt":"api_request","requestId":"40a0f7f1-8749-44e1-950a-05bac699027c","method":"POST","route":"/functions/v1/api/v1/billing/sync","status":401,"durationMs":0}
=== sweep:analysis_permits_reserve:rest:error_500:0 → 503 pass
  error [api] Rating reservation: FI_LEAK_56e090a71579 relation "public.secret_table" does not exist
  log {"evt":"api_request","requestId":"4e10e1d1-d18f-4207-bdcd-4948b58447ab","method":"POST","route":"/functions/v1/api/v1/analysis-permits","status":503,"durationMs":1}
=== sweep:analysis_permits_reserve:rest:malformed_json:0 → 503 pass
  error [api] Rating reservation: {"FI_LEAK_fddd3b1e4f52": tru
  log {"evt":"api_request","requestId":"4761ad5d-6593-4294-a540-506efeb489e7","method":"POST","route":"/functions/v1/api/v1/analysis-permits","status":503,"durationMs":0}
=== sweep:analysis_permits_reserve:rest:error_500:1 → 503 pass
  error [api] Access state: FI_LEAK_f5ec80d1dc80 relation "public.secret_table" does not exist
  log {"evt":"api_request","requestId":"ff4ff93f-daf5-4db1-bb33-fe09f9de08e7","method":"POST","route":"/functions/v1/api/v1/analysis-permits","status":503,"durationMs":1}
=== sweep:analysis_permits_reserve:rest:malformed_json:1 → 503 pass
  error [api] Access state: {"FI_LEAK_a2c17bba1d54": tru
  log {"evt":"api_request","requestId":"dcbcd69f-8b47-4da6-bf2f-befbe49c32d3","method":"POST","route":"/functions/v1/api/v1/analysis-permits","status":503,"durationMs":1}
=== sweep:analysis_permits_reserve:auth:error_500:0 → 401 misclassified_auth_failure
  log {"evt":"api_request","requestId":"75dfc777-d0f8-4e0e-8f82-dd7ca8240089","method":"POST","route":"/functions/v1/api/v1/analysis-permits","status":401,"durationMs":0}
=== sweep:analysis_permits_reserve:auth:malformed_json:0 → 401 misclassified_auth_failure
  log {"evt":"api_request","requestId":"ac4f0ed9-3993-4060-9d7e-bbe0173fbe6b","method":"POST","route":"/functions/v1/api/v1/analysis-permits","status":401,"durationMs":0}
=== sweep:analysis_permits_finalize:rest:error_500:0 → 503 pass
  error [api] Rating finalize: FI_LEAK_c84cf0d17d03 relation "public.secret_table" does not exist
  log {"evt":"api_request","requestId":"f46eb5cd-28f3-4483-848f-53a2d94af2a8","method":"POST","route":"/functions/v1/api/v1/analysis-permits/:id/finalize","status":503,"durationMs":1}
=== sweep:analysis_permits_finalize:rest:malformed_json:0 → 503 pass
  error [api] Rating finalize: {"FI_LEAK_6ae33344580f": tru
  log {"evt":"api_request","requestId":"434fbe30-22dc-4112-841e-3315b72966eb","method":"POST","route":"/functions/v1/api/v1/analysis-permits/:id/finalize","status":503,"durationMs":0}
=== sweep:analysis_permits_finalize:rest:error_500:1 → 503 pass
  error [api] Rating finalize: FI_LEAK_ab95d2429481 relation "public.secret_table" does not exist
  log {"evt":"api_request","requestId":"26e8fcaf-73a2-4709-8fe6-b2f1b03147a1","method":"POST","route":"/functions/v1/api/v1/analysis-permits/:id/finalize","status":503,"durationMs":1}
=== sweep:analysis_permits_finalize:rest:malformed_json:1 → 503 pass
  error [api] Rating finalize: {"FI_LEAK_adfec39c4188": tru
  log {"evt":"api_request","requestId":"d2ecf129-c098-4f40-9991-da995ad97fa1","method":"POST","route":"/functions/v1/api/v1/analysis-permits/:id/finalize","status":503,"durationMs":1}
=== sweep:analysis_permits_finalize:rest:error_500:2 → 503 pass
  error [api] Access state: FI_LEAK_9403eb216d9d relation "public.secret_table" does not exist
  log {"evt":"api_request","requestId":"0e859b85-46bf-4e2d-914e-7c77f8313118","method":"POST","route":"/functions/v1/api/v1/analysis-permits/:id/finalize","status":503,"durationMs":1}
=== sweep:analysis_permits_finalize:rest:malformed_json:2 → 503 pass
  error [api] Access state: {"FI_LEAK_31aac90fb4e1": tru
  log {"evt":"api_request","requestId":"72191b1d-73b7-4f50-ab5e-98b79b5db0fa","method":"POST","route":"/functions/v1/api/v1/analysis-permits/:id/finalize","status":503,"durationMs":1}
=== sweep:analysis_permits_finalize:auth:error_500:0 → 401 misclassified_auth_failure
  log {"evt":"api_request","requestId":"defb8e76-1158-401e-a64e-1ada45cb2960","method":"POST","route":"/functions/v1/api/v1/analysis-permits/:id/finalize","status":401,"durationMs":0}
=== sweep:analysis_permits_finalize:auth:malformed_json:0 → 401 misclassified_auth_failure
  log {"evt":"api_request","requestId":"7f74db0e-0376-4b9c-90f5-1b3ef70b0ca2","method":"POST","route":"/functions/v1/api/v1/analysis-permits/:id/finalize","status":401,"durationMs":1}
=== sweep:shots_sync:rest:error_500:0 → 503 pass
  error [api] Shot sync: FI_LEAK_1d2fdee6d8fb relation "public.secret_table" does not exist
  log {"evt":"api_request","requestId":"2fe18bbb-86ad-4020-a492-1a278fe024fb","method":"POST","route":"/functions/v1/api/v1/shots:sync","status":503,"durationMs":1}
=== sweep:shots_sync:rest:malformed_json:0 → 503 pass
  error [api] Shot sync: {"FI_LEAK_89b9891be51e": tru
  log {"evt":"api_request","requestId":"10e3ecc0-1303-49a7-b828-cf396fe4ece7","method":"POST","route":"/functions/v1/api/v1/shots:sync","status":503,"durationMs":1}
=== sweep:shots_sync:rest:error_500:1 → 200 per_item_retryable_ok
  error [api] shot sync RPC failed: FI_LEAK_e7d997b98dd5 relation "public.secret_table" does not exist
  log {"evt":"api_request","requestId":"5d6acac3-067e-4df5-920c-367be82b6710","method":"POST","route":"/functions/v1/api/v1/shots:sync","status":200,"durationMs":1}
=== sweep:shots_sync:rest:malformed_json:1 → 200 per_item_retryable_ok
  error [api] shot sync RPC failed: {"FI_LEAK_dd34b0139572": tru
  log {"evt":"api_request","requestId":"96f46558-4269-4fcd-9565-deac507d85e0","method":"POST","route":"/functions/v1/api/v1/shots:sync","status":200,"durationMs":1}
=== sweep:shots_sync:auth:error_500:0 → 401 misclassified_auth_failure
  log {"evt":"api_request","requestId":"19e11dcb-91b0-4308-b098-c94c87c4ef21","method":"POST","route":"/functions/v1/api/v1/shots:sync","status":401,"durationMs":1}
=== sweep:shots_sync:auth:malformed_json:0 → 401 misclassified_auth_failure
  log {"evt":"api_request","requestId":"994a30e5-5cfd-4ba7-aa25-a2175e958258","method":"POST","route":"/functions/v1/api/v1/shots:sync","status":401,"durationMs":0}
=== sweep:sessions_create:rest:error_500:0 → 503 pass
  error [api] Session sync: FI_LEAK_14f08423496f relation "public.secret_table" does not exist
  log {"evt":"api_request","requestId":"d51a52ac-04c6-4874-921a-8ef18202dbd3","method":"POST","route":"/functions/v1/api/v1/sessions","status":503,"durationMs":1}
=== sweep:sessions_create:rest:malformed_json:0 → 503 pass
  error [api] Session sync: {"FI_LEAK_c669e55731a9": tru
  log {"evt":"api_request","requestId":"6ae5e0d3-ac05-4e14-8031-0096f6e1fcf9","method":"POST","route":"/functions/v1/api/v1/sessions","status":503,"durationMs":1}
=== sweep:sessions_create:rest:error_500:1 → 503 pass
  error [api] Session sync: FI_LEAK_b380d81183d0 relation "public.secret_table" does not exist
  log {"evt":"api_request","requestId":"d0c0d4e3-e66b-49ac-8107-871505db6226","method":"POST","route":"/functions/v1/api/v1/sessions","status":503,"durationMs":1}
=== sweep:sessions_create:rest:malformed_json:1 → 503 pass
  error [api] Session sync: {"FI_LEAK_7780d42e0105": tru
  log {"evt":"api_request","requestId":"0b4eb992-2a48-46fa-a918-4cebd1870f92","method":"POST","route":"/functions/v1/api/v1/sessions","status":503,"durationMs":1}
=== sweep:sessions_create:auth:error_500:0 → 401 misclassified_auth_failure
  log {"evt":"api_request","requestId":"59436964-e5d6-453e-ba29-cab57ab50185","method":"POST","route":"/functions/v1/api/v1/sessions","status":401,"durationMs":0}
=== sweep:sessions_create:auth:malformed_json:0 → 401 misclassified_auth_failure
  log {"evt":"api_request","requestId":"a0248493-074e-41c4-9b17-a98abbb58a52","method":"POST","route":"/functions/v1/api/v1/sessions","status":401,"durationMs":0}
=== sweep:sessions_finalize:rest:error_500:0 → 503 pass
  error [api] Session finalize: FI_LEAK_8d7daf46f7c2 relation "public.secret_table" does not exist
  log {"evt":"api_request","requestId":"46edb2e4-c00e-4155-85e7-b63cf5a679ef","method":"POST","route":"/functions/v1/api/v1/sessions/:id/finalize","status":503,"durationMs":0}
=== sweep:sessions_finalize:rest:malformed_json:0 → 503 pass
  error [api] Session finalize: {"FI_LEAK_4003e2bf543a": tru
  log {"evt":"api_request","requestId":"7886f5c5-2c04-4b20-ad29-6a6f3d04b3ec","method":"POST","route":"/functions/v1/api/v1/sessions/:id/finalize","status":503,"durationMs":1}
=== sweep:sessions_finalize:rest:error_500:1 → 503 pass
  error [api] Session finalize: FI_LEAK_c963f7439e8d relation "public.secret_table" does not exist
  log {"evt":"api_request","requestId":"d4a13926-20a7-407a-b44a-d7689d8fdcda","method":"POST","route":"/functions/v1/api/v1/sessions/:id/finalize","status":503,"durationMs":1}
=== sweep:sessions_finalize:rest:malformed_json:1 → 503 pass
  error [api] Session finalize: {"FI_LEAK_903361987119": tru
  log {"evt":"api_request","requestId":"55ee3ba2-503b-4d1e-8417-807518b423ec","method":"POST","route":"/functions/v1/api/v1/sessions/:id/finalize","status":503,"durationMs":1}
=== sweep:sessions_finalize:auth:error_500:0 → 401 misclassified_auth_failure
  log {"evt":"api_request","requestId":"0cfe2fe1-f27b-46a9-8712-a0787380aa58","method":"POST","route":"/functions/v1/api/v1/sessions/:id/finalize","status":401,"durationMs":0}
=== sweep:sessions_finalize:auth:malformed_json:0 → 401 misclassified_auth_failure
  log {"evt":"api_request","requestId":"ed7edd68-aa6f-465c-b72e-ec5255559cfe","method":"POST","route":"/functions/v1/api/v1/sessions/:id/finalize","status":401,"durationMs":0}
=== sweep:analyses_feedback:rest:error_500:0 → 503 pass
  error [api] Feedback: FI_LEAK_04fb0ccc42c0 relation "public.secret_table" does not exist
  log {"evt":"api_request","requestId":"84e45336-e00d-475f-a57e-fa6de9baebe9","method":"POST","route":"/functions/v1/api/v1/analyses/:id/feedback","status":503,"durationMs":1}
=== sweep:analyses_feedback:rest:malformed_json:0 → 503 pass
  error [api] Feedback: {"FI_LEAK_f7288845da6b": tru
  log {"evt":"api_request","requestId":"fd483e7d-c5f5-4f2e-841e-cbd17750373c","method":"POST","route":"/functions/v1/api/v1/analyses/:id/feedback","status":503,"durationMs":1}
=== sweep:analyses_feedback:rest:error_500:1 → 503 pass
  error [api] Consent status: FI_LEAK_b2c0563b2881 relation "public.secret_table" does not exist
  log {"evt":"api_request","requestId":"6448f161-c8c4-47dd-a600-59de320ae9b4","method":"POST","route":"/functions/v1/api/v1/analyses/:id/feedback","status":503,"durationMs":1}
=== sweep:analyses_feedback:rest:malformed_json:1 → 503 pass
  error [api] Consent status: {"FI_LEAK_7b74fa1f7adf": tru
  log {"evt":"api_request","requestId":"84f8aad0-3c8c-46e6-b415-cb5a53888a0a","method":"POST","route":"/functions/v1/api/v1/analyses/:id/feedback","status":503,"durationMs":1}
=== sweep:analyses_feedback:rest:error_500:2 → 503 pass
  error [api] Feedback: FI_LEAK_4337410be76b relation "public.secret_table" does not exist
  log {"evt":"api_request","requestId":"654b3ee0-ec6a-4756-9c25-49de3dbad885","method":"POST","route":"/functions/v1/api/v1/analyses/:id/feedback","status":503,"durationMs":1}
=== sweep:analyses_feedback:rest:malformed_json:2 → 503 pass
  error [api] Feedback: {"FI_LEAK_71ed8fbd4cb6": tru
  log {"evt":"api_request","requestId":"ff74ae85-5645-4c6a-bdf3-129fd58a9186","method":"POST","route":"/functions/v1/api/v1/analyses/:id/feedback","status":503,"durationMs":1}
=== sweep:analyses_feedback:auth:error_500:0 → 401 misclassified_auth_failure
  log {"evt":"api_request","requestId":"8db53b3f-caf3-4e88-a586-3c42c584fb39","method":"POST","route":"/functions/v1/api/v1/analyses/:id/feedback","status":401,"durationMs":0}
=== sweep:analyses_feedback:auth:malformed_json:0 → 401 misclassified_auth_failure
  log {"evt":"api_request","requestId":"24940c57-76a5-4ae5-b820-bde2dd08a0f8","method":"POST","route":"/functions/v1/api/v1/analyses/:id/feedback","status":401,"durationMs":0}
=== sweep:evaluation_trials:rest:error_500:0 → 503 pass
  error [api] Consent status: FI_LEAK_6a66990ea70c relation "public.secret_table" does not exist
  log {"evt":"api_request","requestId":"9b70106b-dfe2-4b88-887f-48dc7798cbdf","method":"POST","route":"/functions/v1/api/v1/me/evaluation/trials","status":503,"durationMs":1}
=== sweep:evaluation_trials:rest:malformed_json:0 → 503 pass
  error [api] Consent status: {"FI_LEAK_c380885b1aee": tru
  log {"evt":"api_request","requestId":"74834404-e756-43ba-bd8b-e599f4b9db1b","method":"POST","route":"/functions/v1/api/v1/me/evaluation/trials","status":503,"durationMs":1}
=== sweep:evaluation_trials:rest:error_500:1 → 200 per_item_retryable_ok
  error [api] evaluation trial write failed: FI_LEAK_841736a80969 relation "public.secret_table" does not exist
  log {"evt":"api_request","requestId":"c2ee540d-29b9-40e6-8919-bc2f3a43a891","method":"POST","route":"/functions/v1/api/v1/me/evaluation/trials","status":200,"durationMs":0}
=== sweep:evaluation_trials:rest:malformed_json:1 → 200 per_item_retryable_ok
  error [api] evaluation trial write failed: {"FI_LEAK_fcd04207d2e0": tru
  log {"evt":"api_request","requestId":"a4245546-5e45-4aae-90fc-e6cb774bcf3b","method":"POST","route":"/functions/v1/api/v1/me/evaluation/trials","status":200,"durationMs":1}
=== sweep:evaluation_trials:rest:error_500:2 → 200 per_item_retryable_ok
  error [api] evaluation trial ownership read failed: FI_LEAK_7f095b7c5050 relation "public.secret_table" does not exist
  log {"evt":"api_request","requestId":"18b5f2cc-75d7-47ac-bd1b-f1176793986c","method":"POST","route":"/functions/v1/api/v1/me/evaluation/trials","status":200,"durationMs":1}
=== sweep:evaluation_trials:rest:malformed_json:2 → 200 per_item_retryable_ok
  error [api] evaluation trial ownership read failed: {"FI_LEAK_df376c71ad3f": tru
  log {"evt":"api_request","requestId":"d275e229-2cd8-402e-ae98-8e116e17b1f0","method":"POST","route":"/functions/v1/api/v1/me/evaluation/trials","status":200,"durationMs":1}
=== sweep:evaluation_trials:auth:error_500:0 → 401 misclassified_auth_failure
  log {"evt":"api_request","requestId":"b39bfa58-bff1-4fa2-b06b-20e2a2430f31","method":"POST","route":"/functions/v1/api/v1/me/evaluation/trials","status":401,"durationMs":0}
=== sweep:evaluation_trials:auth:malformed_json:0 → 401 misclassified_auth_failure
  log {"evt":"api_request","requestId":"3f75d6a5-3274-4e69-989b-b97d00ba953b","method":"POST","route":"/functions/v1/api/v1/me/evaluation/trials","status":401,"durationMs":0}
=== sweep:progress:rest:error_500:0 → 503 pass
  error [api] Progress: FI_LEAK_77441abaacb5 relation "public.secret_table" does not exist
  log {"evt":"api_request","requestId":"d46f6777-86b7-4c75-8aea-d7acab8551e2","method":"GET","route":"/functions/v1/api/v1/progress","status":503,"durationMs":1}
=== sweep:progress:rest:malformed_json:0 → 503 pass
  error [api] Progress: {"FI_LEAK_caee29d6c65a": tru
  log {"evt":"api_request","requestId":"531246c6-5e45-4e9f-b8e6-bbb9f54a97da","method":"GET","route":"/functions/v1/api/v1/progress","status":503,"durationMs":1}
=== sweep:progress:rest:error_500:1 → 503 pass
  error [api] Progress: FI_LEAK_e5110b18b65f relation "public.secret_table" does not exist
  log {"evt":"api_request","requestId":"f683dfa0-b7cf-426a-81b2-5afb07cdcce2","method":"GET","route":"/functions/v1/api/v1/progress","status":503,"durationMs":1}
=== sweep:progress:rest:malformed_json:1 → 503 pass
  error [api] Progress: {"FI_LEAK_05e4fab159a4": tru
  log {"evt":"api_request","requestId":"3f3b4c27-983f-4395-9a5a-6bf96554ab5b","method":"GET","route":"/functions/v1/api/v1/progress","status":503,"durationMs":1}
=== sweep:progress:auth:error_500:0 → 401 misclassified_auth_failure
  log {"evt":"api_request","requestId":"cb98f4d4-4eaa-4904-a114-d344b227972b","method":"GET","route":"/functions/v1/api/v1/progress","status":401,"durationMs":0}
=== sweep:progress:auth:malformed_json:0 → 401 misclassified_auth_failure
  log {"evt":"api_request","requestId":"c7b21228-991f-4873-af88-7a99e2116985","method":"GET","route":"/functions/v1/api/v1/progress","status":401,"durationMs":0}
=== sweep:rank:rest:error_500:0 → 503 pass
  error [api] Player rank: FI_LEAK_b124fab15000 relation "public.secret_table" does not exist
  log {"evt":"api_request","requestId":"2ed49dec-c713-401f-a53f-a3a5e3dbce1e","method":"GET","route":"/functions/v1/api/v1/rank","status":503,"durationMs":0}
=== sweep:rank:rest:malformed_json:0 → 503 pass
  error [api] Player rank: {"FI_LEAK_8731ebf139dc": tru
  log {"evt":"api_request","requestId":"14b03321-7d79-420f-9748-38de51b8bd4b","method":"GET","route":"/functions/v1/api/v1/rank","status":503,"durationMs":1}
=== sweep:rank:rest:error_500:1 → 503 pass
  error [api] Player rank: FI_LEAK_3ae21300ca4e relation "public.secret_table" does not exist
  log {"evt":"api_request","requestId":"c55338d4-f7c8-44b5-a64e-a6e1dc13ec7c","method":"GET","route":"/functions/v1/api/v1/rank","status":503,"durationMs":1}
=== sweep:rank:rest:malformed_json:1 → 503 pass
  error [api] Player rank: {"FI_LEAK_e0ffa221b912": tru
  log {"evt":"api_request","requestId":"6fd63f71-e6d4-472e-a733-064cf6cde658","method":"GET","route":"/functions/v1/api/v1/rank","status":503,"durationMs":1}
=== sweep:rank:auth:error_500:0 → 401 misclassified_auth_failure
  log {"evt":"api_request","requestId":"d2ab19ef-5717-4249-a2d5-b6439d05dde5","method":"GET","route":"/functions/v1/api/v1/rank","status":401,"durationMs":0}
=== sweep:rank:auth:malformed_json:0 → 401 misclassified_auth_failure
  log {"evt":"api_request","requestId":"7419c5ff-a089-4ba4-b1dc-f01759133aa3","method":"GET","route":"/functions/v1/api/v1/rank","status":401,"durationMs":0}
=== sweep:consent_status:rest:error_500:0 → 503 pass
  error [api] Consent status: FI_LEAK_1c5dd3f8d7bd relation "public.secret_table" does not exist
  log {"evt":"api_request","requestId":"235cd9f2-86f0-4e93-a5d7-a311c28711ff","method":"GET","route":"/functions/v1/api/v1/me/consent/status","status":503,"durationMs":1}
=== sweep:consent_status:rest:malformed_json:0 → 503 pass
  error [api] Consent status: {"FI_LEAK_40f8e4608e9d": tru
  log {"evt":"api_request","requestId":"6ebf1a44-963c-44e8-8aad-5edf0a01a616","method":"GET","route":"/functions/v1/api/v1/me/consent/status","status":503,"durationMs":0}
=== sweep:consent_status:auth:error_500:0 → 401 misclassified_auth_failure
  log {"evt":"api_request","requestId":"6b48bd57-e6e3-43fa-b64f-33aae084cb0b","method":"GET","route":"/functions/v1/api/v1/me/consent/status","status":401,"durationMs":0}
=== sweep:consent_status:auth:malformed_json:0 → 401 misclassified_auth_failure
  log {"evt":"api_request","requestId":"8c871bac-9829-4b3f-a476-64bfa63b71f0","method":"GET","route":"/functions/v1/api/v1/me/consent/status","status":401,"durationMs":0}
=== sweep:consent_grant:rest:error_500:0 → 503 pass
  error [api] Consent update: FI_LEAK_f9e6558f0026 relation "public.secret_table" does not exist
  log {"evt":"api_request","requestId":"46528ecd-3f48-4d76-bb70-3c4587d81e4b","method":"POST","route":"/functions/v1/api/v1/me/consent/grant","status":503,"durationMs":1}
=== sweep:consent_grant:rest:malformed_json:0 → 503 pass
  error [api] Consent update: {"FI_LEAK_f61ee8170e99": tru
  log {"evt":"api_request","requestId":"9d64be2c-7f88-41f3-a403-3d940d405e23","method":"POST","route":"/functions/v1/api/v1/me/consent/grant","status":503,"durationMs":1}
=== sweep:consent_grant:rest:error_500:1 → 503 pass
  error [api] Consent status: FI_LEAK_fe971cd845df relation "public.secret_table" does not exist
  log {"evt":"api_request","requestId":"054a94ee-fc5e-4059-a2f9-725f7700bdd2","method":"POST","route":"/functions/v1/api/v1/me/consent/grant","status":503,"durationMs":1}
=== sweep:consent_grant:rest:malformed_json:1 → 503 pass
  error [api] Consent status: {"FI_LEAK_1410aa2b2f22": tru
  log {"evt":"api_request","requestId":"75755c81-7298-4e74-a0ad-9bc3613f5b48","method":"POST","route":"/functions/v1/api/v1/me/consent/grant","status":503,"durationMs":1}
=== sweep:consent_grant:auth:error_500:0 → 401 misclassified_auth_failure
  log {"evt":"api_request","requestId":"628be900-d53f-4f34-af3b-10817ba66a30","method":"POST","route":"/functions/v1/api/v1/me/consent/grant","status":401,"durationMs":0}
=== sweep:consent_grant:auth:malformed_json:0 → 401 misclassified_auth_failure
  log {"evt":"api_request","requestId":"0530577b-0082-4bbb-a45b-145527226bd9","method":"POST","route":"/functions/v1/api/v1/me/consent/grant","status":401,"durationMs":0}
=== sweep:consent_withdraw:rest:error_500:0 → 503 pass
  error [api] Consent status: FI_LEAK_4ff551bd8ceb relation "public.secret_table" does not exist
  log {"evt":"api_request","requestId":"ff9d1bea-15d4-45e9-87d6-9ac32f536974","method":"POST","route":"/functions/v1/api/v1/me/consent/withdraw","status":503,"durationMs":1}
=== sweep:consent_withdraw:rest:malformed_json:0 → 503 pass
  error [api] Consent status: {"FI_LEAK_82cf2242c49e": tru
  log {"evt":"api_request","requestId":"a9851a6f-3b7f-47b6-a846-0565bc043a10","method":"POST","route":"/functions/v1/api/v1/me/consent/withdraw","status":503,"durationMs":0}
=== sweep:consent_withdraw:rest:error_500:1 → 503 pass
  error [api] Consent update: FI_LEAK_b420bc033ea5 relation "public.secret_table" does not exist
  log {"evt":"api_request","requestId":"c764b6e3-3da0-4158-b9a8-3983f43d827a","method":"POST","route":"/functions/v1/api/v1/me/consent/withdraw","status":503,"durationMs":0}
=== sweep:consent_withdraw:rest:malformed_json:1 → 503 pass
  error [api] Consent update: {"FI_LEAK_bdf39d393b91": tru
  log {"evt":"api_request","requestId":"8e27a54c-0428-4af5-ab65-ba0cefd28853","method":"POST","route":"/functions/v1/api/v1/me/consent/withdraw","status":503,"durationMs":0}
=== sweep:consent_withdraw:rest:error_500:2 → 503 pass
  error [api] Consent status: FI_LEAK_ef398d03a65c relation "public.secret_table" does not exist
  log {"evt":"api_request","requestId":"6eb8ee32-4546-49a2-8c6e-efc2f4894680","method":"POST","route":"/functions/v1/api/v1/me/consent/withdraw","status":503,"durationMs":1}
=== sweep:consent_withdraw:rest:malformed_json:2 → 503 pass
  error [api] Consent status: {"FI_LEAK_4a26639f6922": tru
  log {"evt":"api_request","requestId":"585523a8-38e8-4100-8d13-31fcc45ff7f9","method":"POST","route":"/functions/v1/api/v1/me/consent/withdraw","status":503,"durationMs":1}
=== sweep:consent_withdraw:auth:error_500:0 → 401 misclassified_auth_failure
  log {"evt":"api_request","requestId":"bb545570-ae81-4d13-a563-12342b1cd704","method":"POST","route":"/functions/v1/api/v1/me/consent/withdraw","status":401,"durationMs":0}
=== sweep:consent_withdraw:auth:malformed_json:0 → 401 misclassified_auth_failure
  log {"evt":"api_request","requestId":"49a62c9f-6ca5-49fa-8a18-5811b8cf7836","method":"POST","route":"/functions/v1/api/v1/me/consent/withdraw","status":401,"durationMs":0}
=== sweep:delete_request:rest:error_500:0 → 503 pass
  error [api] Account deletion: FI_LEAK_971819538bdd relation "public.secret_table" does not exist
  log {"evt":"api_request","requestId":"26e31e8c-01fa-42fb-9289-00b030bb9251","method":"POST","route":"/functions/v1/api/v1/me/delete-request","status":503,"durationMs":1}
=== sweep:delete_request:rest:malformed_json:0 → 503 pass
  error [api] Account deletion: {"FI_LEAK_7f8e1aa55dab": tru
  log {"evt":"api_request","requestId":"cf9c6387-d960-4362-8c69-a37221b153fd","method":"POST","route":"/functions/v1/api/v1/me/delete-request","status":503,"durationMs":1}
=== sweep:delete_request:rest:error_500:1 → 200 degraded_ok
  warn [api] delete-request: survey context partial: FI_LEAK_c340516075d4 relation "public.secret_table" does not exist
  log {"evt":"api_request","requestId":"78b92031-a02c-47b3-8280-de6e30fae9d3","method":"POST","route":"/functions/v1/api/v1/me/delete-request","status":200,"durationMs":1}
=== sweep:delete_request:rest:malformed_json:1 → 200 degraded_ok
  warn [api] delete-request: survey context partial: {"FI_LEAK_3f710a38988b": tru
  log {"evt":"api_request","requestId":"7f3653a9-d8ff-498a-ac1f-37efb8f45251","method":"POST","route":"/functions/v1/api/v1/me/delete-request","status":200,"durationMs":1}
=== sweep:delete_request:rest:error_500:2 → 200 degraded_ok
  warn [api] delete-request: survey context partial: FI_LEAK_2246781382aa relation "public.secret_table" does not exist
  log {"evt":"api_request","requestId":"c2e21307-8c99-4444-b643-a9312a16de9f","method":"POST","route":"/functions/v1/api/v1/me/delete-request","status":200,"durationMs":1}
=== sweep:delete_request:rest:malformed_json:2 → 200 degraded_ok
  warn [api] delete-request: survey context partial: {"FI_LEAK_f28bfb772392": tru
  log {"evt":"api_request","requestId":"7383960b-5649-4614-b392-d7d2da2ddb09","method":"POST","route":"/functions/v1/api/v1/me/delete-request","status":200,"durationMs":1}
=== sweep:delete_request:rest:error_500:3 → 200 degraded_ok
  error [api] delete-request: exit survey not recorded: FI_LEAK_c2b6042715aa relation "public.secret_table" does not exist
  log {"evt":"api_request","requestId":"e688fd0f-daf5-4536-a5f2-8c7f00fd993d","method":"POST","route":"/functions/v1/api/v1/me/delete-request","status":200,"durationMs":1}
=== sweep:delete_request:rest:malformed_json:3 → 200 degraded_ok
  error [api] delete-request: exit survey not recorded: {"FI_LEAK_309f5c55c859": tru
  log {"evt":"api_request","requestId":"39202648-e5c5-4db1-a985-34c6f9454132","method":"POST","route":"/functions/v1/api/v1/me/delete-request","status":200,"durationMs":1}
=== sweep:delete_request:auth:error_500:0 → 401 misclassified_auth_failure
  log {"evt":"api_request","requestId":"dfbaffdb-f790-4907-923a-74e5afe6d2d0","method":"POST","route":"/functions/v1/api/v1/me/delete-request","status":401,"durationMs":0}
=== sweep:delete_request:auth:malformed_json:0 → 401 misclassified_auth_failure
  log {"evt":"api_request","requestId":"7bfda288-4d40-465e-a044-0adcaa39c99e","method":"POST","route":"/functions/v1/api/v1/me/delete-request","status":401,"durationMs":0}
=== sweep:delete_confirm_google:rest:error_500:0 → 503 pass
  error [api] Account deletion: FI_LEAK_89dfb2e871e2 relation "public.secret_table" does not exist
  log {"evt":"api_request","requestId":"38bd9afb-3cde-40f5-8fd1-2d002769fdaf","method":"POST","route":"/functions/v1/api/v1/me/delete-confirm","status":503,"durationMs":1}
=== sweep:delete_confirm_google:rest:malformed_json:0 → 503 pass
  error [api] Account deletion: {"FI_LEAK_414a681505a8": tru
  log {"evt":"api_request","requestId":"e5a5866d-7138-4003-8bdd-32fa3afe8fe4","method":"POST","route":"/functions/v1/api/v1/me/delete-confirm","status":503,"durationMs":1}
=== sweep:delete_confirm_google:rest:error_500:1 → 503 pass
  error [api] Account deletion: FI_LEAK_cd6966bde5d6 relation "public.secret_table" does not exist
  log {"evt":"api_request","requestId":"3344d676-2bb4-4aae-8ec7-d0a80a5d3380","method":"POST","route":"/functions/v1/api/v1/me/delete-confirm","status":503,"durationMs":0}
=== sweep:delete_confirm_google:rest:malformed_json:1 → 503 pass
  error [api] Account deletion: {"FI_LEAK_763372e7c0a5": tru
  log {"evt":"api_request","requestId":"43eb9a1c-3399-4e28-a7f3-40eee1ace0c8","method":"POST","route":"/functions/v1/api/v1/me/delete-confirm","status":503,"durationMs":1}
=== sweep:delete_confirm_google:rest:error_500:2 → 503 pass
  error [api] Account deletion: FI_LEAK_57e1c106ea45 relation "public.secret_table" does not exist
  log {"evt":"api_request","requestId":"d305b64d-6e4f-45e1-bf60-69fbc5783a18","method":"POST","route":"/functions/v1/api/v1/me/delete-confirm","status":503,"durationMs":1}
=== sweep:delete_confirm_google:rest:malformed_json:2 → 503 pass
  error [api] Account deletion: {"FI_LEAK_f41ce1cd3a48": tru
  log {"evt":"api_request","requestId":"be02f79c-e4cb-42e8-9adf-ec17bb9d0d21","method":"POST","route":"/functions/v1/api/v1/me/delete-confirm","status":503,"durationMs":1}
=== sweep:delete_confirm_google:auth:error_500:0 → 401 misclassified_auth_failure
  log {"evt":"api_request","requestId":"b98a2aca-abaa-4f82-b067-5f08a5006c66","method":"POST","route":"/functions/v1/api/v1/me/delete-confirm","status":401,"durationMs":0}
=== sweep:delete_confirm_google:auth:malformed_json:0 → 401 misclassified_auth_failure
  log {"evt":"api_request","requestId":"8189fbb2-5493-4de1-ac4d-78a53f2d2208","method":"POST","route":"/functions/v1/api/v1/me/delete-confirm","status":401,"durationMs":0}
=== sweep:delete_confirm_google:auth:error_500:1 → 503 pass
  error [api] Account deletion: FI_LEAK_5e5a815c512b database error querying schema auth.users
  log {"evt":"api_request","requestId":"ece889e5-6826-4361-93ba-50870e8700fc","method":"POST","route":"/functions/v1/api/v1/me/delete-confirm","status":503,"durationMs":1}
=== sweep:delete_confirm_google:auth:malformed_json:1 → 503 pass
  error [api] Account deletion: Unexpected end of JSON input
  log {"evt":"api_request","requestId":"c4448810-1300-46f9-b0f8-804d284727fc","method":"POST","route":"/functions/v1/api/v1/me/delete-confirm","status":503,"durationMs":1}
=== sweep:delete_confirm_apple:rest:error_500:0 → 503 pass
  error [api] Account deletion: FI_LEAK_905b86d6bbbc relation "public.secret_table" does not exist
  log {"evt":"api_request","requestId":"f74e03fc-c3f1-4d84-a42a-59aa121ac6ef","method":"POST","route":"/functions/v1/api/v1/me/delete-confirm","status":503,"durationMs":1}
=== sweep:delete_confirm_apple:rest:malformed_json:0 → 503 pass
  error [api] Account deletion: {"FI_LEAK_c46ee7a32eb1": tru
  log {"evt":"api_request","requestId":"29754a07-a0b6-4481-b104-92e7c29a24a4","method":"POST","route":"/functions/v1/api/v1/me/delete-confirm","status":503,"durationMs":1}
=== sweep:delete_confirm_apple:rest:error_500:1 → 503 pass
  error [api] Account deletion: FI_LEAK_47560200ccee relation "public.secret_table" does not exist
  log {"evt":"api_request","requestId":"dfdb86b5-bc45-4589-b128-5be95d7d853a","method":"POST","route":"/functions/v1/api/v1/me/delete-confirm","status":503,"durationMs":0}
=== sweep:delete_confirm_apple:rest:malformed_json:1 → 503 pass
  error [api] Account deletion: {"FI_LEAK_3e835790f9a8": tru
  log {"evt":"api_request","requestId":"c0fe1913-edda-4fb6-865a-5c014e7c8319","method":"POST","route":"/functions/v1/api/v1/me/delete-confirm","status":503,"durationMs":1}
=== sweep:delete_confirm_apple:rest:error_500:2 → 503 pass
  error [api] Account deletion: FI_LEAK_af0e78d43a39 relation "public.secret_table" does not exist
  log {"evt":"api_request","requestId":"a29f5224-23d7-4bcd-8411-bf107b6ed9b7","method":"POST","route":"/functions/v1/api/v1/me/delete-confirm","status":503,"durationMs":2}
=== sweep:delete_confirm_apple:rest:malformed_json:2 → 503 pass
  error [api] Account deletion: {"FI_LEAK_2c28c9e604a5": tru
  log {"evt":"api_request","requestId":"8066676f-9705-4752-9c01-3bceaf394b8e","method":"POST","route":"/functions/v1/api/v1/me/delete-confirm","status":503,"durationMs":2}
=== sweep:delete_confirm_apple:rest:error_500:3 → 503 pass
  error [api] Account deletion: FI_LEAK_d7ccc3b767fa relation "public.secret_table" does not exist
  log {"evt":"api_request","requestId":"6de7f386-57fe-4153-86c9-2936890b8806","method":"POST","route":"/functions/v1/api/v1/me/delete-confirm","status":503,"durationMs":2}
=== sweep:delete_confirm_apple:rest:malformed_json:3 → 503 pass
  error [api] Account deletion: {"FI_LEAK_8f635b19792c": tru
  log {"evt":"api_request","requestId":"1df2256f-87e8-4e2a-8d77-d9238bdc62af","method":"POST","route":"/functions/v1/api/v1/me/delete-confirm","status":503,"durationMs":2}
=== sweep:delete_confirm_apple:auth:error_500:0 → 401 misclassified_auth_failure
  log {"evt":"api_request","requestId":"d3c6ecaa-24c5-4fbc-8a65-cabfc76083a5","method":"POST","route":"/functions/v1/api/v1/me/delete-confirm","status":401,"durationMs":0}
=== sweep:delete_confirm_apple:auth:malformed_json:0 → 401 misclassified_auth_failure
  log {"evt":"api_request","requestId":"7021c3db-8f0f-4e8f-8399-4f3431d8a9ef","method":"POST","route":"/functions/v1/api/v1/me/delete-confirm","status":401,"durationMs":0}
=== sweep:delete_confirm_apple:auth:error_500:1 → 503 pass
  error [api] Account deletion: FI_LEAK_6dc38667d5b1 database error querying schema auth.users
  log {"evt":"api_request","requestId":"4d3e8d53-ff13-4d0a-893d-e15778d110fb","method":"POST","route":"/functions/v1/api/v1/me/delete-confirm","status":503,"durationMs":2}
=== sweep:delete_confirm_apple:auth:malformed_json:1 → 503 pass
  error [api] Account deletion: Unexpected end of JSON input
  log {"evt":"api_request","requestId":"3af0e557-e025-4db9-96aa-dd71ade79963","method":"POST","route":"/functions/v1/api/v1/me/delete-confirm","status":503,"durationMs":1}
=== sweep:saved_drills_list:rest:error_500:0 → 503 pass
  error [api] Saved drills: FI_LEAK_0eb3245c3b6e relation "public.secret_table" does not exist
  log {"evt":"api_request","requestId":"949689b0-dc67-4eec-9441-b4c6c1fe5bad","method":"GET","route":"/functions/v1/api/v1/me/saved-drills","status":503,"durationMs":0}
=== sweep:saved_drills_list:rest:malformed_json:0 → 503 pass
  error [api] Saved drills: {"FI_LEAK_8f52d0222ea9": tru
  log {"evt":"api_request","requestId":"c3b23eca-9bdb-4c4a-9527-4127d9df602e","method":"GET","route":"/functions/v1/api/v1/me/saved-drills","status":503,"durationMs":1}
=== sweep:saved_drills_list:auth:error_500:0 → 401 misclassified_auth_failure
  log {"evt":"api_request","requestId":"2ebeb9c2-9468-41b9-846f-85d381f4e653","method":"GET","route":"/functions/v1/api/v1/me/saved-drills","status":401,"durationMs":0}
=== sweep:saved_drills_list:auth:malformed_json:0 → 401 misclassified_auth_failure
  log {"evt":"api_request","requestId":"ccf7794e-7382-4eca-ab9a-1d0791322feb","method":"GET","route":"/functions/v1/api/v1/me/saved-drills","status":401,"durationMs":0}
=== sweep:saved_drills_save:rest:error_500:0 → 503 pass
  error [api] Drill save: FI_LEAK_c2e7f41909fe relation "public.secret_table" does not exist
  log {"evt":"api_request","requestId":"cd41cbd3-c9b4-4546-abb9-28f608cb867a","method":"PUT","route":"/functions/v1/api/v1/me/saved-drills/wall-dink-rally","status":503,"durationMs":1}
=== sweep:saved_drills_save:rest:malformed_json:0 → 503 pass
  error [api] Drill save: {"FI_LEAK_66d17e910d28": tru
  log {"evt":"api_request","requestId":"dac42399-b3ca-40ca-871f-467feb0aacb8","method":"PUT","route":"/functions/v1/api/v1/me/saved-drills/wall-dink-rally","status":503,"durationMs":1}
=== sweep:saved_drills_save:rest:error_500:1 → 503 pass
  error [api] Drill save: FI_LEAK_738724998d14 relation "public.secret_table" does not exist
  log {"evt":"api_request","requestId":"bdedc968-281b-4973-9160-ac06a1cadb16","method":"PUT","route":"/functions/v1/api/v1/me/saved-drills/wall-dink-rally","status":503,"durationMs":1}
=== sweep:saved_drills_save:rest:malformed_json:1 → 503 pass
  error [api] Drill save: {"FI_LEAK_fa0417a46159": tru
  log {"evt":"api_request","requestId":"f7c59798-86a9-4827-a7c6-20a74b6b13a7","method":"PUT","route":"/functions/v1/api/v1/me/saved-drills/wall-dink-rally","status":503,"durationMs":1}
=== sweep:saved_drills_save:auth:error_500:0 → 401 misclassified_auth_failure
  log {"evt":"api_request","requestId":"117545e5-6a49-4af1-abd2-7d7153b092e6","method":"PUT","route":"/functions/v1/api/v1/me/saved-drills/wall-dink-rally","status":401,"durationMs":0}
=== sweep:saved_drills_save:auth:malformed_json:0 → 401 misclassified_auth_failure
  log {"evt":"api_request","requestId":"6a4e03b0-8a6f-49d8-ab81-4718c03b4da2","method":"PUT","route":"/functions/v1/api/v1/me/saved-drills/wall-dink-rally","status":401,"durationMs":0}
=== sweep:saved_drills_unsave:rest:error_500:0 → 503 pass
  error [api] Drill unsave: FI_LEAK_06edc0b40590 relation "public.secret_table" does not exist
  log {"evt":"api_request","requestId":"807d7c98-199a-48d5-97ec-bc90aed44582","method":"DELETE","route":"/functions/v1/api/v1/me/saved-drills/wall-dink-rally","status":503,"durationMs":1}
=== sweep:saved_drills_unsave:rest:malformed_json:0 → 503 pass
  error [api] Drill unsave: {"FI_LEAK_269b0dd8ad96": tru
  log {"evt":"api_request","requestId":"800c0a30-bff4-471b-b097-7717f2f25e7f","method":"DELETE","route":"/functions/v1/api/v1/me/saved-drills/wall-dink-rally","status":503,"durationMs":1}
=== sweep:saved_drills_unsave:auth:error_500:0 → 401 misclassified_auth_failure
  log {"evt":"api_request","requestId":"9f12343e-ff02-4b8b-b950-2796190ec79b","method":"DELETE","route":"/functions/v1/api/v1/me/saved-drills/wall-dink-rally","status":401,"durationMs":1}
=== sweep:saved_drills_unsave:auth:malformed_json:0 → 401 misclassified_auth_failure
  log {"evt":"api_request","requestId":"215b636d-01f9-4735-a0a2-70b10248c0bc","method":"DELETE","route":"/functions/v1/api/v1/me/saved-drills/wall-dink-rally","status":401,"durationMs":0}
=== sweep:catalog_drills_list:rest:error_500:0 → 503 pass
  error [api] Drill catalog: FI_LEAK_360ae2e9b3e5 relation "public.secret_table" does not exist
  log {"evt":"api_request","requestId":"27e52c65-c795-4cb0-81cf-2328c9ea3769","method":"GET","route":"/functions/v1/api/v1/catalog/drills","status":503,"durationMs":0}
=== sweep:catalog_drills_list:rest:malformed_json:0 → 503 pass
  error [api] Drill catalog: {"FI_LEAK_578972750046": tru
  log {"evt":"api_request","requestId":"62a1b86a-6aa9-48e4-ae6d-5d816b88ffdc","method":"GET","route":"/functions/v1/api/v1/catalog/drills","status":503,"durationMs":1}
=== sweep:catalog_drills_list:auth:error_500:0 → 401 misclassified_auth_failure
  log {"evt":"api_request","requestId":"0b4eec85-cbee-45cb-a0d3-7f8c26db7e4d","method":"GET","route":"/functions/v1/api/v1/catalog/drills","status":401,"durationMs":0}
=== sweep:catalog_drills_list:auth:malformed_json:0 → 401 misclassified_auth_failure
  log {"evt":"api_request","requestId":"174d0a34-71a9-4ac8-8d9e-c62f0040d250","method":"GET","route":"/functions/v1/api/v1/catalog/drills","status":401,"durationMs":0}
=== sweep:catalog_drill_get:rest:error_500:0 → 503 pass
  error [api] Drill detail: FI_LEAK_84d0a4bde953 relation "public.secret_table" does not exist
  log {"evt":"api_request","requestId":"3a54f6b9-ff43-486b-a966-b6e2536c81bc","method":"GET","route":"/functions/v1/api/v1/catalog/drills/wall-dink-rally","status":503,"durationMs":1}
=== sweep:catalog_drill_get:rest:malformed_json:0 → 503 pass
  error [api] Drill detail: {"FI_LEAK_e491c9405b43": tru
  log {"evt":"api_request","requestId":"65534359-1131-4fe8-96d4-89bac5427086","method":"GET","route":"/functions/v1/api/v1/catalog/drills/wall-dink-rally","status":503,"durationMs":1}
=== sweep:catalog_drill_get:auth:error_500:0 → 401 misclassified_auth_failure
  log {"evt":"api_request","requestId":"ed185444-8666-4c1f-b7f0-737c1651e72b","method":"GET","route":"/functions/v1/api/v1/catalog/drills/wall-dink-rally","status":401,"durationMs":0}
=== sweep:catalog_drill_get:auth:malformed_json:0 → 401 misclassified_auth_failure
  log {"evt":"api_request","requestId":"c001d0d7-af3d-436f-802a-2bd994462a5b","method":"GET","route":"/functions/v1/api/v1/catalog/drills/wall-dink-rally","status":401,"durationMs":0}
=== sweep:training_plans_current:auth:error_500:0 → 401 misclassified_auth_failure
  log {"evt":"api_request","requestId":"fc890806-c2e5-4520-a5ff-96bf811b6158","method":"GET","route":"/functions/v1/api/v1/training-plans/current","status":401,"durationMs":0}
=== sweep:training_plans_current:auth:malformed_json:0 → 401 misclassified_auth_failure
  log {"evt":"api_request","requestId":"15212f01-16aa-4ed7-ab0e-0410b261feae","method":"GET","route":"/functions/v1/api/v1/training-plans/current","status":401,"durationMs":0}
=== sweep:training_plans_create:auth:error_500:0 → 401 misclassified_auth_failure
  log {"evt":"api_request","requestId":"34358ad2-efdb-4948-87bd-f9a2ce685ada","method":"POST","route":"/functions/v1/api/v1/training-plans","status":401,"durationMs":0}
=== sweep:training_plans_create:auth:malformed_json:0 → 401 misclassified_auth_failure
  log {"evt":"api_request","requestId":"8bd2a89f-fe4b-4b37-87f1-d1043838a6b8","method":"POST","route":"/functions/v1/api/v1/training-plans","status":401,"durationMs":0}
=== targeted:auth_logout:logout_call_503 → 503 pass
  error [api] Sign-out: status 503
  log {"evt":"api_request","requestId":"2f845867-f819-4863-b092-42e1b448c5e7","method":"POST","route":"/functions/v1/api/v1/auth/logout","status":503,"durationMs":1}
=== targeted:auth_logout:logout_call_network_error → 500 unhandled_500
  error [api] unhandled error (015883cd-056d-43eb-a087-d04f4d633bbc): TypeError: error sending request for url (http://supabase.fi.test/auth/v1/logout?scope=local): client error (Connect): dns error FI_LEAK_ced261a15b22
  log {"evt":"api_request","requestId":"015883cd-056d-43eb-a087-d04f4d633bbc","method":"POST","route":"/functions/v1/api/v1/auth/logout","status":500,"durationMs":1}
=== targeted:auth_logout:logout_call_401_already_gone → 204 pass
  log {"evt":"api_request","requestId":"2dd96722-fea3-4c17-9287-1daa58e44dc0","method":"POST","route":"/functions/v1/api/v1/auth/logout","status":204,"durationMs":1}
=== targeted:auth_refresh:refresh_grant_400_invalid → 401 pass
  log {"evt":"api_request","requestId":"f54e9eb0-d439-463b-93d6-199060d132ff","method":"POST","route":"/functions/v1/api/v1/auth/refresh","status":401,"durationMs":0}
=== targeted:delete_confirm_google:admin_delete_user_500 → 503 pass
  error [api] Account deletion: FI_LEAK_c4f43e4ede61 database error querying schema auth.users
  log {"evt":"api_request","requestId":"15efd3b0-6a29-4dc6-afaa-2ac205fd342c","method":"POST","route":"/functions/v1/api/v1/me/delete-confirm","status":503,"durationMs":1}
=== targeted:delete_confirm_google:admin_delete_user_network_error → 503 pass
  error [api] Account deletion: error sending request for url (http://supabase.fi.test/auth/v1/admin/users/86a4329c-203c-4150-b573-e04c78e30df4): client error (Connect): dns error FI_LEAK_70249c6d5e03
  log {"evt":"api_request","requestId":"8a423953-4321-468e-ae9e-6ce89e9f0e3d","method":"POST","route":"/functions/v1/api/v1/me/delete-confirm","status":503,"durationMs":1}
=== targeted:delete_confirm_google:admin_delete_user_404_already_deleted → 200 pass
  warn [api] account deleted: e1b2141c-a23e-4ca1-82bb-cb22bbf39660
  log {"evt":"api_request","requestId":"60e7f7db-734d-4f20-9b35-e2f5a9722749","method":"POST","route":"/functions/v1/api/v1/me/delete-confirm","status":200,"durationMs":1}
=== targeted:analysis_permits_finalize:settled_read_500_after_noop_patch → 503 pass
  error [api] Rating finalize: FI_LEAK_9478b69253d4 relation "public.secret_table" does not exist
  log {"evt":"api_request","requestId":"61e62a8b-d339-42d3-8a27-2ada7b69d484","method":"POST","route":"/functions/v1/api/v1/analysis-permits/:id/finalize","status":503,"durationMs":1}
=== targeted:rank:rank_state_read_500 → 503 pass
  error [api] Player rank: FI_LEAK_d722ed3836a2 relation "public.secret_table" does not exist
  log {"evt":"api_request","requestId":"57c26f5a-1257-4717-9baf-a5212882bc28","method":"GET","route":"/functions/v1/api/v1/rank","status":503,"durationMs":1}
=== targeted:progress:progress_practice_days_500 → 503 pass
  error [api] Progress: FI_LEAK_336b8b1a14e3 relation "public.secret_table" does not exist
  log {"evt":"api_request","requestId":"d1caf376-ae5e-47d3-ad4c-532094dde7a7","method":"GET","route":"/functions/v1/api/v1/progress","status":503,"durationMs":1}
=== targeted:webhook_revenuecat:event_lookup_500 → 200 degraded_ok
  error [api] webhook event lookup failed: FI_LEAK_fc505d0d294e relation "public.secret_table" does not exist
  log {"evt":"api_request","requestId":"2e0adce0-8172-4af9-8ec7-132a3d6fc4c4","method":"POST","route":"/functions/v1/api/webhooks/revenuecat","status":200,"durationMs":0}
=== targeted:webhook_revenuecat:entitlement_persist_500 → 200 false_success
  error [api] webhook verdict persist failed: FI_LEAK_8533e2782486 relation "public.secret_table" does not exist
  log {"evt":"api_request","requestId":"682363d5-f2c2-47f0-b521-8f63e82c4079","method":"POST","route":"/functions/v1/api/webhooks/revenuecat","status":200,"durationMs":0}
=== targeted:webhook_revenuecat:audit_write_500 → 200 pass
  error [api] webhook event log failed: FI_LEAK_5bf50ae88704 relation "public.secret_table" does not exist
  log {"evt":"api_request","requestId":"35875068-9d1d-4c5c-a918-90dbdc8dc44c","method":"POST","route":"/functions/v1/api/webhooks/revenuecat","status":200,"durationMs":0}
=== targeted:billing_sync:entitlement_persist_500 → 503 pass
  error [api] Billing verification: FI_LEAK_e93e6bd5677e relation "public.secret_table" does not exist
  log {"evt":"api_request","requestId":"05514ba4-d23d-4be1-9275-83d03b182027","method":"POST","route":"/functions/v1/api/v1/billing/sync","status":503,"durationMs":1}
=== targeted:billing_sync:rc_200_without_entitlements_map → 200 pass
  log {"evt":"api_request","requestId":"46bcfb2d-d15e-4185-8ce5-b54dba208a22","method":"POST","route":"/functions/v1/api/v1/billing/sync","status":200,"durationMs":1}
=== targeted:shots_sync:replay_read_500 → 503 pass
  error [api] Shot sync: FI_LEAK_ef55a5955d9b relation "public.secret_table" does not exist
  log {"evt":"api_request","requestId":"3a33115a-3dcd-476a-a4fd-7eea287b2f14","method":"POST","route":"/functions/v1/api/v1/shots:sync","status":503,"durationMs":1}
=== targeted:shots_sync:apply_rpc_500 → 200 per_item_retryable_ok
  error [api] shot sync RPC failed: FI_LEAK_751d44c5eb79 relation "public.secret_table" does not exist
  log {"evt":"api_request","requestId":"8c71d295-5483-47c2-b8a5-6c62815c8272","method":"POST","route":"/functions/v1/api/v1/shots:sync","status":200,"durationMs":0}
=== targeted:evaluation_trials:trial_insert_500 → 200 per_item_retryable_ok
  error [api] evaluation trial write failed: FI_LEAK_5340a4f859c8 relation "public.secret_table" does not exist
  log {"evt":"api_request","requestId":"cfd38fec-0ec3-49a2-b0c5-48b335d62212","method":"POST","route":"/functions/v1/api/v1/me/evaluation/trials","status":200,"durationMs":1}
=== targeted:delete_request:survey_insert_500 → 200 pass
  error [api] delete-request: exit survey not recorded: FI_LEAK_847d8fc990ad relation "public.secret_table" does not exist
  log {"evt":"api_request","requestId":"a3d6007c-ac5a-454e-b03e-d13e23082200","method":"POST","route":"/functions/v1/api/v1/me/delete-request","status":200,"durationMs":1}
=== targeted:delete_request:challenge_upsert_500 → 503 pass
  error [api] Account deletion: FI_LEAK_e8fc74f35080 relation "public.secret_table" does not exist
  log {"evt":"api_request","requestId":"a6900880-2216-4181-a5c8-e2c0e1a0912c","method":"POST","route":"/functions/v1/api/v1/me/delete-request","status":503,"durationMs":1}
=== targeted:delete_confirm_google:rc_customer_delete_500 → 503 pass
  error [api] Account deletion: RevenueCat customer deletion failed (500).
  log {"evt":"api_request","requestId":"cb30e2b1-4f81-4a59-94ce-d4188c2ceac5","method":"POST","route":"/functions/v1/api/v1/me/delete-confirm","status":503,"durationMs":1}
=== targeted:delete_confirm_google:rc_customer_delete_404 → 200 pass
  warn [api] account deleted: 7aa092bb-5b52-4a50-971c-f156b6a92645
  log {"evt":"api_request","requestId":"b776970c-5658-434c-bce2-96686c5fb03b","method":"POST","route":"/functions/v1/api/v1/me/delete-confirm","status":200,"durationMs":1}
=== targeted:delete_confirm_apple:apple_revoke_500 → 503 pass
  error [api] Account deletion: Apple token revocation failed (500 server_error).
  log {"evt":"api_request","requestId":"3732d6bc-78e1-4a6d-9849-2910d4aea609","method":"POST","route":"/functions/v1/api/v1/me/delete-confirm","status":503,"durationMs":2}
=== targeted:delete_confirm_apple:credential_read_500 → 503 pass
  error [api] Account deletion: FI_LEAK_a539d60d12ae relation "public.secret_table" does not exist
  log {"evt":"api_request","requestId":"b7fdf055-af27-42c4-8a00-85a15f8d2f5c","method":"POST","route":"/functions/v1/api/v1/me/delete-confirm","status":503,"durationMs":1}
=== targeted:account_bootstrap_apple:credential_store_500 → 503 pass
  error [api] Apple sign-in: FI_LEAK_b3211dc7ad5c relation "public.secret_table" does not exist
  log {"evt":"api_request","requestId":"0c6328aa-6890-4cf9-a329-57b1ac1d7a48","method":"POST","route":"/functions/v1/api/v1/account/bootstrap","status":503,"durationMs":1}
=== targeted:account_bootstrap_google:profile_read_500 → 503 pass
  error [api] Your account: FI_LEAK_4db873561826 relation "public.secret_table" does not exist
  log {"evt":"api_request","requestId":"7ef3fa49-e1af-401d-a0c6-4ece750fade3","method":"POST","route":"/functions/v1/api/v1/account/bootstrap","status":503,"durationMs":0}
=== targeted:me:get_user_wrong_shape → 401 misclassified_auth_failure
  log {"evt":"api_request","requestId":"1f0bedc4-c6a0-4e46-9342-153283204a44","method":"GET","route":"/functions/v1/api/v1/me","status":401,"durationMs":0}
=== targeted:me:recovers_after_30_outage_calls → 429 locked_out
  log {"evt":"api_request","requestId":"7483de37-f0e1-488a-96ef-4fad4a1b0d78","method":"GET","route":"/functions/v1/api/v1/me","status":429,"durationMs":0,"code":"rate_limited"}
=== targeted:auth_refresh:refresh_after_30_outage_calls → 429 locked_out
  log {"evt":"api_request","requestId":"94e32ad9-d2d4-4e6a-894d-f89f11dd6b46","method":"POST","route":"/functions/v1/api/v1/auth/refresh","status":429,"durationMs":0,"code":"rate_limited"}
=== targeted:account_bootstrap_google:bootstrap_after_30_outage_calls → 429 locked_out
  log {"evt":"api_request","requestId":"0acfb998-0b78-42fa-8cd0-d895de06da67","method":"POST","route":"/functions/v1/api/v1/account/bootstrap","status":429,"durationMs":0,"code":"rate_limited"}
